Artist	Playlist Genre	Year	Popularity
KAROL G	Pop	2019	98.0
The Weeknd	Pop	2019	96.75
The Black Eyed Peas	Pop	2019	96.0
Regard	Pop	2019	94.0
Travis Scott	Pop	2019	94.0
blackbear	Pop	2019	94.0
Anuel AA	Pop	2019	93.0
Juice WRLD	Pop	2019	92.0
Rauw Alejandro	Pop	2019	92.0
Billie Eilish	Pop	2019	91.6
Trevor Daniel	Pop	2018	97.0
Halsey	Pop	2018	88.0
Travis Scott	Pop	2018	87.0
Kina	Pop	2018	86.0
Doja Cat	Pop	2018	85.0
Meek Mill	Pop	2018	85.0
Drake	Pop	2018	84.5
Camila Cabello	Pop	2018	84.0
Cardi B	Pop	2018	84.0
Dynoro	Pop	2018	84.0
Ed Sheeran	Pop	2017	84.5
Lil Uzi Vert	Pop	2017	84.0
Lauv	Pop	2017	83.0
Frank Ocean	Pop	2017	82.0
Future	Pop	2017	81.0
Marshmello	Pop	2017	81.0
ZAYN	Pop	2017	81.0
Demi Lovato	Pop	2017	80.0
Hailee Steinfeld	Pop	2017	79.33333333333333
Daniel Caesar	Pop	2017	79.0
Travis Scott	Pop	2016	86.0
Post Malone	Pop	2016	84.0
James Arthur	Pop	2016	82.0
Hippie Sabotage	Pop	2016	81.0
Twenty One Pilots	Pop	2016	81.0
Bruno Mars	Pop	2016	80.66666666666667
DNCE	Pop	2016	80.0
Ariana Grande	Pop	2016	79.0
Calvin Harris	Pop	2016	78.14285714285714
The Chainsmokers	Pop	2016	77.18181818181819
Aaron Smith	Pop	2014	84.0
Ed Sheeran	Pop	2014	84.0
J. Cole	Pop	2014	82.0
A Great Big World	Pop	2014	78.0
Vance Joy	Pop	2014	78.0
George Ezra	Pop	2014	76.0
Mr. Probz	Pop	2014	76.0
Rixton	Pop	2014	76.0
Pitbull	Pop	2014	73.0
Sia	Pop	2014	72.6
P!nk	Pop	2012	80.0
The Script	Pop	2012	78.0
Bruno Mars	Pop	2012	77.0
MKTO	Pop	2012	77.0
Pitbull	Pop	2012	76.0
Alicia Keys	Pop	2012	75.0
Tame Impala	Pop	2012	75.0
One Direction	Pop	2012	74.25
fun.	Pop	2012	73.33333333333333
Flo Rida	Pop	2012	72.33333333333333
Mark Ronson	Pop	2015	82.0
Justin Bieber	Pop	2015	80.25
Wiz Khalifa	Pop	2015	80.0
Twenty One Pilots	Pop	2015	79.5
Calvin Harris	Pop	2015	77.0
G-Eazy	Pop	2015	77.0
Petit Biscuit	Pop	2015	77.0
Shawn Mendes	Pop	2015	77.0
Little Mix	Pop	2015	76.5
Jason Derulo	Pop	2015	76.0
John Legend	Pop	2013	85.0
The Neighbourhood	Pop	2013	81.0
One Direction	Pop	2013	77.33333333333333
Justin Timberlake	Pop	2013	77.0
Miley Cyrus	Pop	2013	76.66666666666667
James Arthur	Pop	2013	76.0
Idina Menzel	Pop	2013	75.0
Daft Punk	Pop	2013	73.85714285714286
John Newman	Pop	2013	72.0
Belinda Carlisle	Pop	2013	70.0
Justin Bieber	Pop	2011	84.0
Foster The People	Pop	2011	83.0
Christina Perri	Pop	2011	79.0
Pitbull	Pop	2011	79.0
Grouplove	Pop	2011	78.0
Coldplay	Pop	2011	77.0
Gotye	Pop	2011	77.0
Adele	Pop	2011	76.8
Beyoncé	Pop	2011	75.0
Selena Gomez & The Scene	Pop	2011	74.5
Train	Pop	2010	82.0
Usher	Pop	2010	78.0
Justin Bieber	Pop	2010	76.0
P!nk	Pop	2010	76.0
Don Omar	Pop	2010	75.0
Gorillaz	Pop	2010	75.0
Taio Cruz	Pop	2010	74.0
Maroon 5	Pop	2010	73.0
Drake	Pop	2010	72.0
Flo Rida	Pop	2010	72.0
Flo Rida	Pop	2008	79.0
Coldplay	Pop	2008	78.0
The Offspring	Pop	2008	77.0
Jason Mraz	Pop	2008	76.5
Kings of Leon	Pop	2008	75.0
Spandau Ballet	Pop	2008	72.0
Beyoncé	Pop	2008	71.5
Joy Division	Pop	2008	71.0
David Archuleta	Pop	2008	70.0
The Pussycat Dolls	Pop	2008	70.0
Justin Bieber	Pop	2020	95.0
Halsey	Pop	2020	86.0
Selena Gomez	Pop	2020	84.4
J Balvin	Pop	2020	82.0
Eminem	Pop	2020	79.0
Hailee Steinfeld	Pop	2020	79.0
Robin Schulz	Pop	2020	74.0
Jonas Brothers	Pop	2020	73.0
ATEEZ	Pop	2020	72.0
Conan Gray	Pop	2020	72.0
Leona Lewis	Pop	2007	77.0
Sean Kingston	Pop	2007	77.0
MGMT	Pop	2007	76.66666666666667
Fall Out Boy	Pop	2007	76.0
Avril Lavigne	Pop	2007	72.0
Beyoncé	Pop	2007	72.0
Colbie Caillat	Pop	2007	71.0
M.I.A.	Pop	2007	71.0
Paramore	Pop	2007	71.0
Arctic Monkeys	Pop	2007	66.0
Cher	Pop	1998	76.0
Pet Shop Boys	Pop	1998	70.0
Barenaked Ladies	Pop	1998	69.0
Eiffel 65	Pop	1998	64.0
Sentidos Opuestos	Pop	1998	60.0
Vengaboys	Pop	1998	56.5
Duran Duran	Pop	1998	54.0
George Michael	Pop	1998	31.0
JEANS	Pop	1998	17.0
Orchestral Manoeuvres In The Dark	Pop	1998	12.5
Spice Girls	Pop	1996	79.0
Men At Work	Pop	1996	73.0
Kabah	Pop	1996	68.0
Robert Miles	Pop	1996	67.0
Fey	Pop	1996	61.0
Paradisio	Pop	1996	59.0
Van Halen	Pop	1996	56.0
Amber	Pop	1996	52.0
JEANS	Pop	1996	52.0
Azul Violeta	Pop	1996	50.0
Smash Mouth	Pop	1999	79.0
Bonnie Tyler	Pop	1999	74.0
Christina Aguilera	Pop	1999	71.0
DJ Jean	Pop	1999	53.0
Britney Spears	Pop	1999	50.666666666666664
Mœnia	Pop	1999	46.0
Alice DJ	Pop	1999	45.0
Eiffel 65	Pop	1999	16.0
blink-182	Pop	1999	15.0
Bloodhound Gang	Pop	1999	11.0
Owl City	Pop	2009	78.0
Jay Sean	Pop	2009	76.0
Green Day	Pop	2009	75.0
Miley Cyrus	Pop	2009	75.0
The Fray	Pop	2009	74.0
OneRepublic	Pop	2009	73.0
Iyaz	Pop	2009	72.0
Madonna	Pop	2009	71.0
Sean Kingston	Pop	2009	69.0
Yeah Yeah Yeahs	Pop	2009	66.0
Ace of Base	Pop	1993	68.0
Cutting Crew	Pop	1993	68.0
Captain Hollywood Project	Pop	1993	60.0
Haddaway	Pop	1993	57.0
Culture Beat	Pop	1993	51.0
Coolio	Pop	1995	80.0
Alanis Morissette	Pop	1995	70.0
Dune	Pop	1995	57.0
The Bucketheads	Pop	1995	50.0
Whigfield	Pop	1995	50.0
Me & My	Pop	1995	49.0
Real McCoy	Pop	1995	45.0
Laura Branigan	Pop	1995	40.0
Scatman John	Pop	1995	32.0
Radiohead	Pop	1995	3.0
R.E.M.	Pop	1991	81.0
Alphaville	Pop	1991	57.0
Wolfsheim	Pop	1991	46.0
SNAP!	Pop	1991	12.0
And One	Pop	1991	0.0
Deine Lakaien	Pop	1991	0.0
Erasure	Pop	1991	0.0
Coldplay	Pop	2000	81.0
Britney Spears	Pop	2000	76.0
Vengaboys	Pop	2000	60.5
Phoenix	Pop	2000	57.0
Alice DJ	Pop	2000	49.0
Sisters of Mercy	Pop	2000	9.0
A Touch Of Class	Pop	2000	5.0
Real McCoy	Pop	2000	2.0
Green Day	Pop	1994	79.0
Ice Mc	Pop	1994	59.0
2 Brothers On The 4th Floor	Pop	1994	58.0
Maxx	Pop	1994	54.0
Double You	Pop	1994	53.0
Whitesnake	Pop	1994	53.0
Corona	Pop	1994	51.5
Prince Ital Joe	Pop	1994	50.0
Spanic	Pop	1994	38.0
Deee-Lite	Pop	1994	33.0
SNAP!	Pop	1992	62.0
Modern English	Pop	1992	46.0
Somewhere over England	Pop	1992	32.0
Kylie Minogue	Pop	1992	27.0
Dr. Alban	Pop	1992	21.0
Daft Punk	Pop	1997	70.0
Will Smith	Pop	1997	70.0
Midnight Oil	Pop	1997	63.0
*NSYNC	Pop	1997	54.0
Mœnia	Pop	1997	49.0
John Denver	Pop	1997	44.0
Aqua	Pop	1997	43.0
Talk Talk	Pop	1997	35.5
Sentidos Opuestos	Pop	1997	30.0
blink-182	Pop	1997	3.0
Backstreet Boys	Pop	2001	76.0
Weezer	Pop	2001	75.0
Journey	Pop	2001	74.0
Shakira	Pop	2001	71.0
Billy Joel	Pop	2001	69.0
Daryl Hall & John Oates	Pop	2001	66.0
P!nk	Pop	2001	66.0
Daft Punk	Pop	2001	65.8
Michelle Branch	Pop	2001	64.0
Christina Milian	Pop	2001	54.0
Fergie	Pop	2006	74.0
John Mayer	Pop	2006	74.0
Chris Isaak	Pop	2006	69.0
P!nk	Pop	2006	69.0
MIKA	Pop	2006	61.0
Taylor Swift	Pop	2006	61.0
Hannah Montana	Pop	2006	58.0
Vanessa Hudgens	Pop	2006	56.0
Belanova	Pop	2006	54.0
Wham!	Pop	2006	54.0
Maroon 5	Pop	2002	78.66666666666667
Avril Lavigne	Pop	2002	77.0
Coldplay	Pop	2002	76.0
Vanessa Carlton	Pop	2002	76.0
Justin Timberlake	Pop	2002	74.0
Gary Jules	Pop	2002	70.0
Jennifer Lopez	Pop	2002	65.0
DJ Sammy	Pop	2002	64.0
Aleks Syntek	Pop	2002	45.0
Marta Martorell	Pop	2002	37.0
Britney Spears	Pop	2003	78.0
The Proclaimers	Pop	2003	74.0
Fountains Of Wayne	Pop	2003	73.0
Beyoncé	Pop	2003	69.0
Air Supply	Pop	2003	64.0
Pet Shop Boys	Pop	2003	63.0
The Strokes	Pop	2003	61.0
Belanova	Pop	2003	56.0
Taylor Dayne	Pop	2003	56.0
Hilary Duff	Pop	2003	55.0
Coldplay	Pop	2005	81.0
Plain White T's	Pop	2005	80.0
Shakira	Pop	2005	80.0
Daniel Powter	Pop	2005	76.0
Chamillionaire	Pop	2005	69.0
The Pussycat Dolls	Pop	2005	66.0
The Click Five	Pop	2005	59.0
Faithless	Pop	2005	57.0
Chicago	Pop	2005	49.0
Subway To Sally	Pop	2005	41.0
AC/DC	Pop	1990	81.0
Warrant	Pop	1990	62.5
Nick Kamen	Pop	1990	61.0
SNAP!	Pop	1990	59.0
Talk Talk	Pop	1990	57.0
Madonna	Pop	1990	51.0
The Stranglers	Pop	1990	50.0
Depeche Mode	Pop	1990	49.0
The Bangles	Pop	1990	48.0
The Snake Corps	Pop	1990	34.0
Usher	Pop	2004	79.0
Green Day	Pop	2004	78.0
Natasha Bedingfield	Pop	2004	76.0
Franz Ferdinand	Pop	2004	73.0
Jesse McCartney	Pop	2004	72.0
The Killers	Pop	2004	69.0
Kelly Clarkson	Pop	2004	66.66666666666667
The Bangles	Pop	2004	63.0
Gwen Stefani	Pop	2004	60.0
Bowling For Soup	Pop	2004	59.0
Tracy Chapman	Pop	1988	77.0
Roxette	Pop	1988	73.5
Erasure	Pop	1988	69.0
When In Rome	Pop	1988	63.0
Front 242	Pop	1988	42.0
The Lounge Lizards	Pop	1988	35.0
Herbie Hancock	Pop	1988	12.0
Information Society	Pop	1988	0.0
Foreigner	Pop	1984	77.0
REO Speedwagon	Pop	1984	73.0
Twisted Sister	Pop	1984	73.0
Pat Benatar	Pop	1984	66.0
Alphaville	Pop	1984	59.0
Boney M.	Pop	1984	59.0
Madonna	Pop	1984	54.0
The Blue Nile	Pop	1984	54.0
This Mortal Coil	Pop	1984	51.0
Miguel Bosé	Pop	1984	34.0
Michael Jackson	Pop	1982	77.0
Duran Duran	Pop	1982	66.0
Pat Benatar	Pop	1982	55.0
Heaven 17	Pop	1982	44.0
Depeche Mode	Pop	1982	30.0
Asia	Pop	1982	8.0
Blue Swede	Pop	1973	75.0
The Cure	Pop	1979	73.0
Rupert Holmes	Pop	1979	71.0
Electric Light Orchestra	Pop	1979	70.0
Gary Numan / Tubeway Army	Pop	1979	51.0
Blue Öyster Cult	Pop	1977	62.0
The Human League	Pop	1981	74.0
Foreigner	Pop	1981	67.0
Loverboy	Pop	1981	66.0
Orchestral Manoeuvres In The Dark	Pop	1981	43.0
Simple Minds	Pop	1981	42.0
Depeche Mode	Pop	1981	41.666666666666664
Soft Cell	Pop	1981	18.0
YELLOW MAGIC ORCHESTRA	Pop	1981	16.0
The Cars	Pop	1981	14.0
Kim Wilde	Pop	1981	4.0
Lynyrd Skynyrd	Pop	1974	27.0
Led Zeppelin	Pop	1970	77.0
Boston	Pop	1976	78.0
Kansas	Pop	1976	74.0
U2	Pop	1987	79.0
George Michael	Pop	1987	75.0
Def Leppard	Pop	1987	74.0
Rick Astley	Pop	1987	66.0
R.E.M.	Pop	1987	63.0
Guns N' Roses	Pop	1987	58.666666666666664
Pet Shop Boys	Pop	1987	38.0
Anne Clark	Pop	1987	37.0
Lloyd Cole and the Commotions	Pop	1987	32.0
Big Audio Dynamite	Pop	1987	30.0
Queen	Pop	1978	75.0
TOTO	Pop	1978	75.0
Van Halen	Pop	1978	64.0
The Cars	Pop	1978	56.0
Blondie	Pop	1978	55.0
Kraftwerk	Pop	1978	36.0
Bryan Ferry	Pop	1978	15.0
Creedence Clearwater Revival	Pop	1969	80.0
Prince	Pop	1986	73.0
Cutting Crew	Pop	1986	71.0
New Order	Pop	1986	67.0
Pet Shop Boys	Pop	1986	58.0
Bon Jovi	Pop	1986	20.0
Chris de Burgh	Pop	1986	14.0
Bananarama	Pop	1986	6.0
The Bolshoi	Pop	1986	0.5
Status Quo	Pop	1986	0.0
AC/DC	Pop	1980	80.5
Journey	Pop	1980	71.0
The Buggles	Pop	1980	70.0
Shaun Cassidy	Pop	1980	18.0
Robert Palmer	Pop	1980	6.0
Cyndi Lauper	Pop	1983	76.0
Eurythmics	Pop	1983	74.66666666666667
Journey	Pop	1983	67.0
Culture Club	Pop	1983	64.0
Real Life	Pop	1983	55.0
Peter Schilling	Pop	1983	49.0
Angelic Upstarts	Pop	1983	33.0
Orchestral Manoeuvres In The Dark	Pop	1983	33.0
Depeche Mode	Pop	1983	24.0
Europe	Pop	1983	8.0
a-ha	Pop	1985	83.0
The Outfield	Pop	1985	70.0
Grover Washington, Jr.	Pop	1985	66.0
Mr. Mister	Pop	1985	65.0
Narada Michael Walden	Pop	1985	46.0
Dire Straits	Pop	1985	24.0
Dead Or Alive	Pop	1985	17.0
Tears For Fears	Pop	1985	2.0
Richard Marx	Pop	1989	75.0
Cher	Pop	1989	72.0
The Pointer Sisters	Pop	1989	63.0
Peter Schilling	Pop	1989	58.0
Luz Casal	Pop	1989	56.0
Love and Rockets	Pop	1989	52.0
New Model Army	Pop	1989	43.0
Escape With Romeo	Pop	1989	32.0
Paul Haig	Pop	1989	23.0
Invisible Limits	Pop	1989	0.0
Willie Nelson	Pop	1975	51.0
KAROL G	Rap	2019	98.0
The Weeknd	Rap	2019	93.0
Travis Scott	Rap	2019	91.5
Don Toliver	Rap	2019	89.0
DaBaby	Rap	2019	88.22222222222223
Lil Baby	Rap	2019	88.0
Lunay	Rap	2019	87.0
Roddy Ricch	Rap	2019	87.0
J. Cole	Rap	2019	86.0
Bad Bunny	Rap	2019	85.0
Trevor Daniel	Rap	2018	97.0
XXXTENTACION	Rap	2018	87.0
Meek Mill	Rap	2018	85.0
Lil Peep	Rap	2018	83.0
YNW Melly	Rap	2018	80.5
Nio Garcia	Rap	2018	80.0
Ski Mask The Slump God	Rap	2018	80.0
Travis Scott	Rap	2018	80.0
A Boogie Wit da Hoodie	Rap	2018	79.25
BlocBoy JB	Rap	2018	79.0
Offset	Rap	2017	81.0
Likybo	Rap	2017	78.0
Lil Peep	Rap	2017	77.5
GoldLink	Rap	2017	76.0
Lil Skies	Rap	2017	76.0
Trippie Redd	Rap	2017	75.0
Gryffin	Rap	2017	74.0
Tay-K	Rap	2017	73.0
Brennan Savage	Rap	2017	72.0
Famous Dex	Rap	2017	72.0
Travis Scott	Rap	2016	79.33333333333333
Calvin Harris	Rap	2016	79.0
Lil Wayne	Rap	2016	77.0
Rob $tone	Rap	2016	77.0
21 Savage	Rap	2016	74.0
Dave	Rap	2016	73.0
Fifth Harmony	Rap	2016	72.0
Skrillex	Rap	2016	72.0
Chance the Rapper	Rap	2016	71.5
Lund	Rap	2016	70.5
J. Cole	Rap	2014	82.0
Bobby Shmurda	Rap	2014	74.0
G-Eazy	Rap	2014	74.0
Disclosure	Rap	2014	72.0
Young Money	Rap	2014	71.0
Omarion	Rap	2014	70.0
Rich Gang	Rap	2014	69.0
Tove Lo	Rap	2014	69.0
Wiz Khalifa	Rap	2014	67.0
Juicy J	Rap	2014	66.0
Flo Rida	Rap	2012	76.0
Nicki Minaj	Rap	2012	73.0
Canserbero	Rap	2012	68.0
David Guetta	Rap	2012	66.0
Travis Porter	Rap	2012	66.0
Warren G	Rap	2012	64.0
Hermitude	Rap	2012	60.0
Tyga	Rap	2012	57.0
DMX	Rap	2012	56.0
Kendrick Lamar	Rap	2012	55.666666666666664
Bryson Tiller	Rap	2015	79.5
Mac Miller	Rap	2015	77.0
Travis Scott	Rap	2015	77.0
Rihanna	Rap	2015	75.0
Coldplay	Rap	2015	74.0
Chris Brown	Rap	2015	73.0
Mike Stud	Rap	2015	73.0
Kodak Black	Rap	2015	71.0
Meek Mill	Rap	2015	71.0
Vince Staples	Rap	2015	70.0
Kanye West	Rap	2013	75.0
A$AP Ferg	Rap	2013	71.0
Yellow Claw	Rap	2013	69.0
Mike WiLL Made-It	Rap	2013	68.0
Juicy J	Rap	2013	65.0
Baauer	Rap	2013	62.0
August Alsina	Rap	2013	61.0
2 Chainz	Rap	2013	59.0
Lil Wyte	Rap	2013	59.0
Tyga	Rap	2013	58.0
JAY-Z	Rap	2011	74.66666666666667
Drake	Rap	2011	73.0
Mac Miller	Rap	2011	68.0
Wale	Rap	2011	67.0
Pusha T	Rap	2011	64.0
DMX	Rap	2011	63.0
Kirko Bangz	Rap	2011	62.0
Black Stone Cherry	Rap	2011	56.5
Halestorm	Rap	2011	56.0
Cartel De Santa	Rap	2011	53.5
Drake	Rap	2010	67.5
Waka Flocka Flame	Rap	2010	67.2
David Guetta	Rap	2010	66.0
DJ Khaled	Rap	2010	62.0
Luniz	Rap	2010	60.0
MC Eiht	Rap	2010	56.0
The Pretty Reckless	Rap	2010	53.0
Akwid	Rap	2010	49.0
Scarface	Rap	2010	47.4
Fresku	Rap	2010	44.0
Flo Rida	Rap	2008	79.0
Disturbed	Rap	2008	70.0
Lil Wayne	Rap	2008	60.75
Smif-N-Wessun	Rap	2008	58.0
Kelis	Rap	2008	55.0
Webbie	Rap	2008	55.0
Eazy-E	Rap	2008	50.0
T.I.	Rap	2008	49.666666666666664
Ice Cube	Rap	2008	49.0
Yung L.A.	Rap	2008	48.0
Future	Rap	2020	93.0
Lil Baby	Rap	2020	81.0
Lil Tjay	Rap	2020	79.0
Myke Towers	Rap	2020	79.0
Megan Thee Stallion	Rap	2020	77.0
Mac Miller	Rap	2020	76.25
Dardan	Rap	2020	76.0
Jamule	Rap	2020	76.0
Eminem	Rap	2020	75.0
Elias	Rap	2020	73.0
T-Pain	Rap	2007	76.0
Timbaland	Rap	2007	72.0
Lupe Fiasco	Rap	2007	65.0
Plies	Rap	2007	65.0
Eazy-E	Rap	2007	64.0
Public Enemy	Rap	2007	61.0
Cupid	Rap	2007	60.0
The Notorious B.I.G.	Rap	2007	59.125
UGK	Rap	2007	58.0
Gorilla Zoe	Rap	2007	57.0
JAY-Z	Rap	1998	62.0
OutKast	Rap	1998	53.42857142857143
Young Bleed	Rap	1998	49.0
Juvenile	Rap	1998	47.0
112	Rap	1998	44.0
Fatboy Slim	Rap	1998	44.0
Lil' Troy	Rap	1998	43.8
MC Ren	Rap	1998	43.0
Nate Dogg	Rap	1998	41.0
Daz Dillinger	Rap	1998	39.0
Mobb Deep	Rap	1996	66.0
2Pac	Rap	1996	65.38888888888889
Nas	Rap	1996	62.333333333333336
Makaveli	Rap	1996	62.0
Lord Finesse	Rap	1996	61.0
Too $hort	Rap	1996	61.0
Jeru The Damaja	Rap	1996	58.0
Rakim	Rap	1996	54.0
Do Or Die	Rap	1996	51.0
Xzibit	Rap	1996	50.5
Rage Against The Machine	Rap	1999	66.0
Ol' Dirty Bastard	Rap	1999	65.0
Rakim	Rap	1999	64.0
Mobb Deep	Rap	1999	62.0
Big Pun	Rap	1999	61.666666666666664
Snoop Dogg	Rap	1999	61.0
Tear Da Club Up Thugs	Rap	1999	54.0
The Notorious B.I.G.	Rap	1999	51.5
Youngbloodz	Rap	1999	48.0
B.G.	Rap	1999	47.0
Young Money	Rap	2009	65.0
The Notorious B.I.G.	Rap	2009	60.0
Birdman	Rap	2009	56.0
Dorrough Music	Rap	2009	56.0
Trillville	Rap	2009	56.0
Lil Scrappy	Rap	2009	54.0
Slim Thug	Rap	2009	52.0
Gucci Mane	Rap	2009	49.5
Hurricane Chris	Rap	2009	48.0
OJ Da Juiceman	Rap	2009	45.0
Lenny Kravitz	Rap	1993	72.0
Souls Of Mischief	Rap	1993	68.0
Naughty By Nature	Rap	1993	64.0
Cypress Hill	Rap	1993	62.333333333333336
KRS-One	Rap	1993	62.0
Wu-Tang Clan	Rap	1993	61.92307692307692
Snoop Dogg	Rap	1993	61.76923076923077
MC Breed	Rap	1993	59.0
Digable Planets	Rap	1993	58.0
Lords Of The Underground	Rap	1993	56.0
Luniz	Rap	1995	73.0
Mobb Deep	Rap	1995	67.6
The Pharcyde	Rap	1995	63.0
Dr. Dre	Rap	1995	61.0
Skee-Lo	Rap	1995	61.0
Coolio	Rap	1995	59.666666666666664
Grand Puba	Rap	1995	59.0
Das EFX	Rap	1995	58.0
Junior M.A.F.I.A.	Rap	1995	58.0
KRS-One	Rap	1995	58.0
Soundgarden	Rap	1991	63.0
N.W.A.	Rap	1991	61.0
Heavy D & The Boyz	Rap	1991	57.0
Cypress Hill	Rap	1991	55.666666666666664
Geto Boys	Rap	1991	52.333333333333336
Nice & Smooth	Rap	1991	51.0
MC Breed	Rap	1991	48.0
2Pac	Rap	1991	46.0
Ice-T	Rap	1991	45.0
DJ Quik	Rap	1991	41.2
Ja Rule	Rap	2000	64.0
Dead Prez	Rap	2000	62.0
OutKast	Rap	2000	59.5
Xzibit	Rap	2000	52.0
Eminem	Rap	2000	51.333333333333336
Mystikal	Rap	2000	51.0
Lil Jon	Rap	2000	42.0
Tyrone Davis	Rap	2000	39.0
Three 6 Mafia	Rap	2000	37.5
Ludacris	Rap	2000	37.142857142857146
Ice Cube	Rap	1994	69.0
Edwyn Collins	Rap	1994	63.0
The Notorious B.I.G.	Rap	1994	61.77272727272727
Gang Starr	Rap	1994	61.0
Craig Mack	Rap	1994	55.0
Artifacts	Rap	1994	54.5
Da Brat	Rap	1994	54.0
Common	Rap	1994	53.0
Crooklyn Dodgers	Rap	1994	53.0
Rappin' 4-Tay	Rap	1994	52.0
The Pharcyde	Rap	1992	67.0
Kris Kross	Rap	1992	66.0
Redman	Rap	1992	62.0
Das EFX	Rap	1992	55.0
Kyuss	Rap	1992	54.0
Compton's Most Wanted	Rap	1992	53.0
Eric B. & Rakim	Rap	1992	53.0
N2DEEP	Rap	1992	53.0
Ice Cube	Rap	1992	50.0
Too $hort	Rap	1992	50.0
Blur	Rap	1997	74.0
2Pac	Rap	1997	70.0
Kenny Wayne Shepherd	Rap	1997	59.0
Diddy	Rap	1997	57.0
Mase	Rap	1997	55.5
Mack 10	Rap	1997	53.0
Control Machete	Rap	1997	48.333333333333336
Wu-Tang Clan	Rap	1997	46.0
Camp Lo	Rap	1997	44.5
Mel Waiters	Rap	1997	43.0
Fat Joe	Rap	2001	72.0
Eve	Rap	2001	71.0
Nate Dogg	Rap	2001	60.0
Missy Elliott	Rap	2001	56.0
Dilated Peoples	Rap	2001	55.0
Jermaine Dupri	Rap	2001	54.0
Petey Pablo	Rap	2001	54.0
Wu-Tang Clan	Rap	2001	54.0
Ice Cube	Rap	2001	50.0
The Lady Of Rage	Rap	2001	47.0
Wolfmother	Rap	2006	66.0
E-40	Rap	2006	61.0
Justin Timberlake	Rap	2006	60.5
Boosie Badazz	Rap	2006	60.0
Dem Franchize Boyz	Rap	2006	60.0
Huey	Rap	2006	55.0
Unk	Rap	2006	55.0
Eazy-E	Rap	2006	54.0
Fat Joe	Rap	2006	54.0
Jeezy	Rap	2006	52.5
Justin Timberlake	Rap	2002	74.0
Sean Paul	Rap	2002	71.0
Missy Elliott	Rap	2002	70.0
Nelly	Rap	2002	69.66666666666667
Busta Rhymes	Rap	2002	66.0
Ying Yang Twins	Rap	2002	63.0
Run–D.M.C.	Rap	2002	61.0
Styles P	Rap	2002	60.0
WC	Rap	2002	53.0
Khia	Rap	2002	52.0
Baby Bash	Rap	2003	72.0
Chingy	Rap	2003	64.66666666666667
OutKast	Rap	2003	60.666666666666664
Molotov	Rap	2003	60.0
Westside Connection	Rap	2003	57.666666666666664
50 Cent	Rap	2003	54.0
Bone Crusher	Rap	2003	54.0
DMX	Rap	2003	53.666666666666664
Petey Pablo	Rap	2003	53.0
Youngbloodz	Rap	2003	50.0
T-Pain	Rap	2005	67.0
Mattafix	Rap	2005	65.0
Arthur Conley	Rap	2005	60.0
Chamillionaire	Rap	2005	59.0
Paul Wall	Rap	2005	59.0
Mike Jones	Rap	2005	58.8
Akwid	Rap	2005	58.0
Fort Minor	Rap	2005	58.0
Bun B	Rap	2005	55.0
Three 6 Mafia	Rap	2005	54.8
A Tribe Called Quest	Rap	1990	69.0
Public Enemy	Rap	1990	56.0
Too $hort	Rap	1990	55.0
Ice Cube	Rap	1990	51.0
Kid Frost	Rap	1990	51.0
Compton's Most Wanted	Rap	1990	49.0
Candyman	Rap	1990	43.0
Digital Underground	Rap	1990	42.0
Above The Law	Rap	1990	31.0
DJ Magic Mike	Rap	1990	26.0
Usher	Rap	2004	79.0
Trick Daddy	Rap	2004	65.0
Petey Pablo	Rap	2004	63.0
J-Kwon	Rap	2004	62.0
Diddy	Rap	2004	61.5
Twista	Rap	2004	61.5
Wu-Tang Clan	Rap	2004	60.0
Craig Mack	Rap	2004	59.0
Juvenile	Rap	2004	59.0
Lil' Flip	Rap	2004	56.0
Bobby Brown	Rap	1988	56.0
Eazy-E	Rap	1988	55.0
Public Enemy	Rap	1988	52.0
Eric B. & Rakim	Rap	1988	47.0
J.J. Fad	Rap	1988	47.0
Sir Mix-A-Lot	Rap	1988	47.0
Betty Wright	Rap	1988	44.5
DJ Jazzy Jeff & The Fresh Prince	Rap	1988	40.0
E.U.	Rap	1988	39.0
N.W.A.	Rap	1988	38.76923076923077
Run–D.M.C.	Rap	1984	43.0
Michael Jackson	Rap	1982	77.0
Grandmaster Flash & The Furious Five	Rap	1982	48.0
Johnnie Taylor	Rap	1973	38.0
Z.Z. Hill	Rap	1981	36.0
Lynyrd Skynyrd	Rap	1974	81.0
Shirley Brown	Rap	1974	48.0
Derek & The Dominos	Rap	1970	21.0
The Allman Brothers Band	Rap	1970	3.0
Johnnie Taylor	Rap	1976	36.0
Eazy-E	Rap	1987	64.0
Eric B. & Rakim	Rap	1987	50.0
LL Cool J	Rap	1987	47.0
Marvin Sease	Rap	1987	34.0
Heavy D & The Boyz	Rap	1987	28.0
Bob Seger	Rap	1978	72.0
Tyrone Davis	Rap	1969	38.0
Run–D.M.C.	Rap	1986	68.0
Beastie Boys	Rap	1986	46.0
Latimore	Rap	1983	39.0
LL Cool J	Rap	1985	51.0
Run–D.M.C.	Rap	1985	46.0
"Bobby ""Blue"" Bland"	Rap	1985	38.0
The D.O.C.	Rap	1989	49.333333333333336
Sir Mix-A-Lot	Rap	1989	39.0
Kwame	Rap	1989	29.0
Steppenwolf	Rap	1968	54.0
Clarence Carter	Rap	1968	53.0
The Rolling Stones	Rap	1971	3.0
ZZ Top	Rap	1972	52.0
Van Morrison	Rap	1967	79.0
Billie Eilish	Rock	2019	95.0
Falling In Reverse	Rock	2019	75.0
Slipknot	Rock	2019	74.5
Clairo	Rock	2019	72.0
YUNGBLUD	Rock	2019	71.0
A Day To Remember	Rock	2019	70.0
Ozzy Osbourne	Rock	2019	69.33333333333333
Asking Alexandria	Rock	2019	67.0
Marilyn Manson	Rock	2019	67.0
AWOLNATION	Rock	2019	65.0
Post Malone	Rock	2018	88.0
John Mayer	Rock	2018	80.0
Eminem	Rock	2018	76.0
The 1975	Rock	2018	74.0
Gucci Mane	Rock	2018	73.0
Dayglow	Rock	2018	72.0
KURT	Rock	2018	72.0
Muse	Rock	2018	69.0
Unknown Mortal Orchestra	Rock	2018	69.0
Peach Pit	Rock	2018	67.0
Peachy!	Rock	2017	78.0
Harry Styles	Rock	2017	74.0
Rex Orange County	Rock	2017	73.75
boy pablo	Rock	2017	70.0
Banes World	Rock	2017	68.0
COIN	Rock	2017	68.0
TEMPOREX	Rock	2017	67.0
Her's	Rock	2017	66.0
Five Finger Death Punch	Rock	2017	65.0
The Marías	Rock	2017	64.5
Charlie Puth	Rock	2016	79.0
León Larregui	Rock	2016	71.0
I Prevail	Rock	2016	67.0
Young the Giant	Rock	2016	66.0
Kings of Leon	Rock	2016	65.5
Red Hot Chili Peppers	Rock	2016	65.5
Current Joys	Rock	2016	64.0
KALEO	Rock	2016	63.0
Skillet	Rock	2016	61.0
Stevie Nicks	Rock	2016	61.0
Aaron Smith	Rock	2014	84.0
Mac DeMarco	Rock	2014	73.0
Slipknot	Rock	2014	71.0
STARSET	Rock	2014	70.0
The Walters	Rock	2014	70.0
Catfish and the Bottlemen	Rock	2014	66.0
Beartooth	Rock	2014	64.0
Chaos Chaos	Rock	2014	63.0
Blue Swede	Rock	2014	62.0
L'Impératrice	Rock	2014	61.0
fun.	Rock	2012	75.0
Elvis Costello	Rock	2012	64.0
alt-J	Rock	2012	64.0
León Larregui	Rock	2012	62.5
Muse	Rock	2012	62.5
Stone Sour	Rock	2012	62.0
Nine Lashes	Rock	2012	59.0
Thousand Foot Krutch	Rock	2012	57.0
Player	Rock	2012	56.0
Two Door Cinema Club	Rock	2012	55.0
Tame Impala	Rock	2015	79.66666666666667
Twenty One Pilots	Rock	2015	77.0
Lil Dicky	Rock	2015	70.0
Three Days Grace	Rock	2015	65.0
Muse	Rock	2015	63.2
Bring Me The Horizon	Rock	2015	63.0
L'Impératrice	Rock	2015	63.0
Shinedown	Rock	2015	61.0
Parkway Drive	Rock	2015	59.0
Five Finger Death Punch	Rock	2015	58.666666666666664
Arctic Monkeys	Rock	2013	79.0
Cage The Elephant	Rock	2013	72.0
Foals	Rock	2013	70.0
Zoé	Rock	2013	68.0
Queens of the Stone Age	Rock	2013	66.0
Avenged Sevenfold	Rock	2013	64.0
Atlas Genius	Rock	2013	60.0
Cults	Rock	2013	60.0
Trivium	Rock	2013	59.0
The Strokes	Rock	2013	58.333333333333336
Foster The People	Rock	2011	83.0
Grouplove	Rock	2011	78.0
Gotye	Rock	2011	77.0
Young the Giant	Rock	2011	70.0
Metronomy	Rock	2011	69.0
The Black Keys	Rock	2011	68.5
The Strokes	Rock	2011	66.0
Foo Fighters	Rock	2011	64.0
The Drums	Rock	2011	64.0
Scorpions	Rock	2011	63.5
Two Door Cinema Club	Rock	2010	71.0
Arcade Fire	Rock	2010	69.0
Neon Trees	Rock	2010	68.0
Canserbero	Rock	2010	66.0
Disturbed	Rock	2010	63.333333333333336
Kansas	Rock	2010	63.0
Volbeat	Rock	2010	63.0
Kings of Leon	Rock	2010	59.0
Godsmack	Rock	2010	58.333333333333336
10 Years	Rock	2010	58.0
Spandau Ballet	Rock	2008	72.0
Joy Division	Rock	2008	71.0
Cage The Elephant	Rock	2008	70.0
Disturbed	Rock	2008	70.0
Nickelback	Rock	2008	70.0
Rise Against	Rock	2008	70.0
Vampire Weekend	Rock	2008	69.0
Coldplay	Rock	2008	65.0
Golden Earring	Rock	2008	64.0
The Brian Jonestown Massacre	Rock	2008	62.0
Mac Miller	Rock	2020	72.0
Ozzy Osbourne	Rock	2020	71.0
Five Finger Death Punch	Rock	2020	68.0
KALEO	Rock	2020	63.0
The Amity Affliction	Rock	2020	61.0
Hollywood Undead	Rock	2020	60.0
Silverstein	Rock	2020	59.0
Set It Off	Rock	2020	57.0
The Mowgli's	Rock	2020	57.0
Joywave	Rock	2020	56.0
Sara Bareilles	Rock	2007	75.0
MGMT	Rock	2007	74.66666666666667
Three Days Grace	Rock	2007	72.0
Fall Out Boy	Rock	2007	71.5
Foo Fighters	Rock	2007	70.0
Eddie Vedder	Rock	2007	67.0
Paramore	Rock	2007	67.0
Arctic Monkeys	Rock	2007	66.0
Paolo Nutini	Rock	2007	66.0
Interpol	Rock	2007	65.0
George Michael	Rock	1998	75.0
Aerosmith	Rock	1998	74.33333333333333
New Radicals	Rock	1998	73.0
The Goo Goo Dolls	Rock	1998	73.0
Korn	Rock	1998	71.33333333333333
Lenny Kravitz	Rock	1998	70.0
Barenaked Ladies	Rock	1998	69.0
Robbie Williams	Rock	1998	67.0
Blur	Rock	1998	66.0
David Gray	Rock	1998	66.0
Rage Against The Machine	Rock	1996	73.0
Café Tacvba	Rock	1996	70.0
Quiet Riot	Rock	1996	70.0
The Wallflowers	Rock	1996	70.0
The Cardigans	Rock	1996	69.0
Matchbox Twenty	Rock	1996	68.0
Dave Matthews Band	Rock	1996	66.0
Sublime	Rock	1996	64.0
Fiona Apple	Rock	1996	61.0
Duncan Sheik	Rock	1996	58.0
Smash Mouth	Rock	1999	79.0
Red Hot Chili Peppers	Rock	1999	75.2
Bonnie Tyler	Rock	1999	74.0
Foo Fighters	Rock	1999	73.0
Limp Bizkit	Rock	1999	71.0
Berlin	Rock	1999	70.0
Lit	Rock	1999	70.0
Pearl Jam	Rock	1999	70.0
Blondie	Rock	1999	69.0
Korn	Rock	1999	69.0
Skillet	Rock	2009	73.5
Stealers Wheel	Rock	2009	71.0
Muse	Rock	2009	69.5
Toploader	Rock	2009	69.0
Thirty Seconds To Mars	Rock	2009	67.0
Breaking Benjamin	Rock	2009	65.5
Sick Puppies	Rock	2009	62.0
Foo Fighters	Rock	2009	61.0
Adelitas Way	Rock	2009	60.0
Snow Patrol	Rock	2009	60.0
Lenny Kravitz	Rock	1993	72.0
Duran Duran	Rock	1993	69.0
Sheryl Crow	Rock	1993	65.0
Sting	Rock	1993	64.5
James	Rock	1993	64.0
The Band	Rock	1993	61.0
Minnie Riperton	Rock	1993	57.0
Eraserheads	Rock	1993	56.0
The Cranberries	Rock	1993	55.625
Pearl Jam	Rock	1993	54.0
Oasis	Rock	1995	70.25
No Doubt	Rock	1995	70.0
Everclear	Rock	1995	68.0
Pulp	Rock	1995	68.0
Roxette	Rock	1995	68.0
Meat Loaf	Rock	1995	66.0
Jewel	Rock	1995	65.0
AC/DC	Rock	1995	62.0
Radiohead	Rock	1995	62.0
Björk	Rock	1995	58.5
Red Hot Chili Peppers	Rock	1991	77.0
Bryan Adams	Rock	1991	74.0
U2	Rock	1991	72.0
Ozzy Osbourne	Rock	1991	69.0
Nirvana	Rock	1991	66.625
Spin Doctors	Rock	1991	66.5
Pearl Jam	Rock	1991	65.14285714285714
Tom Petty and the Heartbreakers	Rock	1991	63.0
Genesis	Rock	1991	61.0
White Lion	Rock	1991	58.0
Linkin Park	Rock	2000	80.0
Coldplay	Rock	2000	76.0
The Beatles	Rock	2000	74.0
Robbie Williams	Rock	2000	68.0
Disturbed	Rock	2000	67.66666666666667
The Guess Who	Rock	2000	67.0
Blur	Rock	2000	66.0
Joe Cocker	Rock	2000	66.0
Spandau Ballet	Rock	2000	66.0
A Perfect Circle	Rock	2000	65.0
Green Day	Rock	1994	77.66666666666667
Stone Temple Pilots	Rock	1994	71.0
Pretenders	Rock	1994	69.0
Beck	Rock	1994	68.0
Hootie & The Blowfish	Rock	1994	68.0
The Offspring	Rock	1994	67.0
Nirvana	Rock	1994	66.66666666666667
Tom Petty	Rock	1994	66.0
Bush	Rock	1994	63.0
Dinosaur Jr.	Rock	1994	60.0
Blind Melon	Rock	1992	73.0
Bon Jovi	Rock	1992	73.0
Eric Clapton	Rock	1992	73.0
R.E.M.	Rock	1992	73.0
Pantera	Rock	1992	72.0
Megadeth	Rock	1992	70.0
The Cure	Rock	1992	69.66666666666667
Soul Asylum	Rock	1992	68.0
Rage Against The Machine	Rock	1992	67.5
The Animals	Rock	1992	66.0
Blur	Rock	1997	74.0
Foo Fighters	Rock	1997	73.6
Kenny Loggins	Rock	1997	71.0
Edwin McCain	Rock	1997	70.0
Robbie Williams	Rock	1997	70.0
Natalie Imbruglia	Rock	1997	69.0
Third Eye Blind	Rock	1997	69.0
Marcy Playground	Rock	1997	68.0
Hanson	Rock	1997	65.0
Nick Cave & The Bad Seeds	Rock	1997	65.0
Papa Roach	Rock	2001	79.0
Nickelback	Rock	2001	78.0
John Mayer	Rock	2001	77.0
Train	Rock	2001	77.0
Weezer	Rock	2001	75.0
Sum 41	Rock	2001	73.5
Daft Punk	Rock	2001	70.0
P.O.D.	Rock	2001	69.0
Creed	Rock	2001	68.0
Gorillaz	Rock	2001	68.0
My Chemical Romance	Rock	2006	77.66666666666667
Red Hot Chili Peppers	Rock	2006	77.5
Snow Patrol	Rock	2006	77.0
Gnarls Barkley	Rock	2006	75.0
The Killers	Rock	2006	75.0
Huey Lewis & The News	Rock	2006	72.0
AFI	Rock	2006	70.0
Gustavo Cerati	Rock	2006	70.0
Muse	Rock	2006	69.2
PXNDX	Rock	2006	67.0
Red Hot Chili Peppers	Rock	2002	77.0
3 Doors Down	Rock	2002	72.0
Robbie Williams	Rock	2002	72.0
Good Charlotte	Rock	2002	68.0
Queens of the Stone Age	Rock	2002	68.0
Oasis	Rock	2002	67.0
Taking Back Sunday	Rock	2002	66.0
Chevelle	Rock	2002	65.5
Audioslave	Rock	2002	65.0
Sum 41	Rock	2002	63.333333333333336
The Proclaimers	Rock	2003	74.0
Evanescence	Rock	2003	73.5
Café Tacvba	Rock	2003	73.0
Fountains Of Wayne	Rock	2003	73.0
The Strokes	Rock	2003	73.0
Jet	Rock	2003	69.66666666666667
Dido	Rock	2003	68.0
Godsmack	Rock	2003	67.0
Linkin Park	Rock	2003	67.0
Frankie Valli & The Four Seasons	Rock	2003	66.0
Gorillaz	Rock	2005	75.0
System Of A Down	Rock	2005	75.0
Korn	Rock	2005	71.0
The Offspring	Rock	2005	71.0
Thirty Seconds To Mars	Rock	2005	71.0
Dropkick Murphys	Rock	2005	70.0
Audioslave	Rock	2005	69.0
Weezer	Rock	2005	69.0
Cardenales De Nuevo León	Rock	2005	68.0
Stereophonics	Rock	2005	68.0
AC/DC	Rock	1990	75.33333333333333
Extreme	Rock	1990	71.0
Ram Jam	Rock	1990	67.0
The Romantics	Rock	1990	66.0
Poison	Rock	1990	61.0
Queensrÿche	Rock	1990	61.0
Alice In Chains	Rock	1990	60.0
Warrant	Rock	1990	60.0
Damn Yankees	Rock	1990	59.0
Temple Of The Dog	Rock	1990	59.0
Slipknot	Rock	2004	76.0
Green Day	Rock	2004	75.75
Keane	Rock	2004	75.0
My Chemical Romance	Rock	2004	74.0
The Killers	Rock	2004	72.0
Franz Ferdinand	Rock	2004	71.5
Bowling For Soup	Rock	2004	69.0
Seether	Rock	2004	69.0
Avril Lavigne	Rock	2004	68.0
Simple Plan	Rock	2004	68.0
Pixies	Rock	1988	74.0
Don McLean	Rock	1988	71.0
Fine Young Cannibals	Rock	1988	71.0
Bon Jovi	Rock	1988	67.0
Joan Jett & The Blackhearts	Rock	1988	67.0
Poison	Rock	1988	67.0
Erasure	Rock	1988	65.5
Jane's Addiction	Rock	1988	64.0
When In Rome	Rock	1988	63.0
Cheap Trick	Rock	1988	62.0
Foreigner	Rock	1984	77.0
Don Henley	Rock	1984	76.0
REO Speedwagon	Rock	1984	73.0
Chicago	Rock	1984	72.0
Twisted Sister	Rock	1984	70.33333333333333
Prince	Rock	1984	70.0
Bon Jovi	Rock	1984	69.0
John Waite	Rock	1984	69.0
Leonard Cohen	Rock	1984	66.0
Pat Benatar	Rock	1984	66.0
Michael Jackson	Rock	1982	79.0
The Clash	Rock	1982	77.25
John Mellencamp	Rock	1982	71.0
TOTO	Rock	1982	71.0
Survivor	Rock	1982	67.33333333333333
George Thorogood & The Destroyers	Rock	1982	67.0
The Alan Parsons Project	Rock	1982	67.0
Madness	Rock	1982	65.0
Steve Winwood	Rock	1982	65.0
Judas Priest	Rock	1982	64.0
ZZ Top	Rock	1973	74.0
Bob Dylan	Rock	1973	73.0
The Rolling Stones	Rock	1973	72.0
Aerosmith	Rock	1973	69.75
The Doobie Brothers	Rock	1973	68.6
The Beatles	Rock	1973	68.0
Led Zeppelin	Rock	1973	65.0
David Bowie	Rock	1973	64.0
Daryl Hall & John Oates	Rock	1973	62.0
Marvin Gaye	Rock	1973	62.0
AC/DC	Rock	1979	83.0
The Knack	Rock	1979	73.0
Rupert Holmes	Rock	1979	71.0
The Clash	Rock	1979	70.0
Norman Greenbaum	Rock	1979	68.0
The Cure	Rock	1979	67.5
Christopher Cross	Rock	1979	64.0
Joy Division	Rock	1979	63.5
Status Quo	Rock	1979	62.0
Tom Petty and the Heartbreakers	Rock	1979	61.5
Kansas	Rock	1977	77.0
Supertramp	Rock	1977	74.0
Talking Heads	Rock	1977	72.0
Eric Clapton	Rock	1977	69.33333333333333
Styx	Rock	1977	64.0
Billy Joel	Rock	1977	63.6
Peter Gabriel	Rock	1977	63.5
Rush	Rock	1977	62.0
Sex Pistols	Rock	1977	62.0
Dan Hill	Rock	1977	61.0
Phil Collins	Rock	1981	76.0
The Rolling Stones	Rock	1981	76.0
The Human League	Rock	1981	74.0
Journey	Rock	1981	73.4
The J. Geils Band	Rock	1981	71.0
Blondie	Rock	1981	70.0
Rick Springfield	Rock	1981	70.0
Joan Jett & The Blackhearts	Rock	1981	67.5
Depeche Mode	Rock	1981	66.0
Loverboy	Rock	1981	66.0
Bachman-Turner Overdrive	Rock	1974	68.0
Gordon Lightfoot	Rock	1974	63.0
Lynyrd Skynyrd	Rock	1974	63.0
Steely Dan	Rock	1974	60.0
Sweet	Rock	1974	60.0
Elton John	Rock	1974	59.0
Linda Ronstadt	Rock	1974	59.0
Eagles	Rock	1974	58.0
America	Rock	1974	57.0
David Bowie	Rock	1974	56.666666666666664
The Doors	Rock	1970	72.0
The Beatles	Rock	1970	71.0
Led Zeppelin	Rock	1970	70.66666666666667
Mountain	Rock	1970	68.0
The Velvet Underground	Rock	1970	66.0
Bread	Rock	1970	64.0
Grateful Dead	Rock	1970	64.0
Three Dog Night	Rock	1970	63.0
Emerson, Lake & Palmer	Rock	1970	59.0
Crosby, Stills, Nash & Young	Rock	1970	58.0
Chicago	Rock	1976	74.0
Kansas	Rock	1976	74.0
AC/DC	Rock	1976	71.42857142857143
Ramones	Rock	1976	71.0
Daryl Hall & John Oates	Rock	1976	70.0
Tom Petty and the Heartbreakers	Rock	1976	69.66666666666667
Eagles	Rock	1976	69.0
The Bellamy Brothers	Rock	1976	68.0
Silver	Rock	1976	66.0
The Runaways	Rock	1976	65.0
Heart	Rock	1987	73.0
The Animals	Rock	1987	73.0
Sting	Rock	1987	71.0
Aerosmith	Rock	1987	70.0
Tiffany	Rock	1987	68.0
The Cure	Rock	1987	67.5
Michael Jackson	Rock	1987	67.0
Pet Shop Boys	Rock	1987	65.0
R.E.M.	Rock	1987	65.0
Level 42	Rock	1987	61.0
TOTO	Rock	1978	75.0
Kate Bush	Rock	1978	68.0
The Doobie Brothers	Rock	1978	68.0
Gerry Rafferty	Rock	1978	67.66666666666667
Patti Smith	Rock	1978	65.0
Ramones	Rock	1978	64.5
Jackson Browne	Rock	1978	64.0
Ray Parker, Jr.	Rock	1978	64.0
Dr. Hook	Rock	1978	63.0
The Cars	Rock	1978	62.625
The Beatles	Rock	1969	76.33333333333333
The Doors	Rock	1969	67.0
Led Zeppelin	Rock	1969	66.8
The Velvet Underground	Rock	1969	66.0
Santana	Rock	1969	62.5
The Band	Rock	1969	61.5
The Stooges	Rock	1969	58.666666666666664
Crosby, Stills & Nash	Rock	1969	50.5
The Ventures	Rock	1969	48.0
Tommy James & The Shondells	Rock	1969	39.0
Paul Simon	Rock	1986	75.0
AC/DC	Rock	1986	72.0
Europe	Rock	1986	70.25
Cyndi Lauper	Rock	1986	68.0
Run–D.M.C.	Rock	1986	68.0
Eddie Money	Rock	1986	67.0
New Order	Rock	1986	67.0
Pet Shop Boys	Rock	1986	67.0
Peter Cetera	Rock	1986	66.33333333333333
Bruce Hornsby	Rock	1986	66.0
AC/DC	Rock	1980	77.71428571428571
Ozzy Osbourne	Rock	1980	77.0
Journey	Rock	1980	71.0
Daryl Hall & John Oates	Rock	1980	69.0
REO Speedwagon	Rock	1980	68.33333333333333
Pat Benatar	Rock	1980	68.0
The Buggles	Rock	1980	66.5
Billy Joel	Rock	1980	66.0
Judas Priest	Rock	1980	66.0
Air Supply	Rock	1980	65.25
Billy Joel	Rock	1983	77.0
Cyndi Lauper	Rock	1983	76.0
Eurythmics	Rock	1983	74.66666666666667
Nena	Rock	1983	73.0
Culture Club	Rock	1983	72.0
Talking Heads	Rock	1983	70.0
U2	Rock	1983	70.0
ZZ Top	Rock	1983	68.5
Mötley Crüe	Rock	1983	66.0
Ozzy Osbourne	Rock	1983	65.0
a-ha	Rock	1985	83.0
Tears For Fears	Rock	1985	73.5
The Outfield	Rock	1985	70.33333333333333
Survivor	Rock	1985	70.0
John Parr	Rock	1985	68.0
Robert Palmer	Rock	1985	67.0
Mr. Mister	Rock	1985	65.0
Echo & the Bunnymen	Rock	1985	63.0
The Jesus and Mary Chain	Rock	1985	62.0
Whitney Houston	Rock	1985	61.75
Richard Marx	Rock	1989	75.0
Billy Joel	Rock	1989	73.0
The B-52's	Rock	1989	69.0
Skid Row	Rock	1989	66.75
Alice Cooper	Rock	1989	65.6
Neil Young	Rock	1989	65.0
Tom Petty	Rock	1989	64.5
Bad English	Rock	1989	64.0
Pixies	Rock	1989	63.666666666666664
The Stone Roses	Rock	1989	62.5
Bruce Springsteen	Rock	1975	73.0
Hot Chocolate	Rock	1975	71.0
10cc	Rock	1975	70.0
Bob Marley & The Wailers	Rock	1975	70.0
Aerosmith	Rock	1975	68.4
Eagles	Rock	1975	68.0
America	Rock	1975	66.0
Peter Frampton	Rock	1975	66.0
Rod Stewart	Rock	1975	66.0
Daryl Hall & John Oates	Rock	1975	65.0
Jimi Hendrix	Rock	1968	76.0
Steppenwolf	Rock	1968	68.0
Big Brother & The Holding Company	Rock	1968	67.0
Deep Purple	Rock	1968	62.0
The Beatles	Rock	1968	62.0
The Doors	Rock	1968	62.0
Van Morrison	Rock	1968	62.0
Simon & Garfunkel	Rock	1968	54.0
Traffic	Rock	1968	52.0
Pink Floyd	Rock	1968	49.0
Elton John	Rock	1971	79.0
The Doors	Rock	1971	74.0
Don McLean	Rock	1971	73.0
David Bowie	Rock	1971	66.0
The Hollies	Rock	1971	63.0
Jethro Tull	Rock	1971	62.5
Led Zeppelin	Rock	1971	60.18181818181818
Ten Years After	Rock	1971	60.0
Alice Cooper	Rock	1971	55.0
John Lennon	Rock	1971	52.75
Carly Simon	Rock	1972	75.0
Eagles	Rock	1972	75.0
The Doobie Brothers	Rock	1972	75.0
Looking Glass	Rock	1972	72.0
Steely Dan	Rock	1972	70.0
Deep Purple	Rock	1972	69.33333333333333
Elton John	Rock	1972	69.0
Jackson Browne	Rock	1972	66.0
Alice Cooper	Rock	1972	65.0
Bill Withers	Rock	1972	63.0
The Turtles	Rock	1967	74.0
Jefferson Airplane	Rock	1967	69.0
The Moody Blues	Rock	1967	67.0
The Beatles	Rock	1967	66.0
The Kinks	Rock	1967	66.0
Jimi Hendrix	Rock	1967	65.8
Bobbie Gentry	Rock	1967	54.0
Van Morrison	Rock	1967	53.333333333333336
The Doors	Rock	1967	53.25
Buffalo Springfield	Rock	1967	43.0
Buffalo Springfield	Rock	1966	73.0
The Beach Boys	Rock	1966	71.0
Bob Dylan	Rock	1966	61.0
The Animals	Rock	1966	60.0
Donovan	Rock	1966	59.0
The Who	Rock	1966	56.0
The Rolling Stones	Rock	1966	38.666666666666664
John Lee Hooker	Rock	1966	2.0
The Rolling Stones	Rock	1965	76.0
The Beatles	Rock	1965	73.0
Bob Dylan	Rock	1965	71.0
The Byrds	Rock	1965	42.0
The Kinks	Rock	1965	36.0
The Who	Rock	1965	21.0
Simon & Garfunkel	Rock	1964	74.0
The Beatles	Rock	1964	65.0
The Kinks	Rock	1964	33.833333333333336
The Beatles	Rock	1963	71.0
Bob Dylan	Rock	1963	59.0
The Surfaris	Rock	1963	15.0
Charles Brown	Rock	1963	0.0
Booker T. & the M.G.'s	Rock	1962	64.0
Little Richard	Rock	1957	1.0
Elvis Presley	Rock	1958	73.0
Maroon 5	Latin	2019	98.0
Roddy Ricch	Latin	2019	98.0
The Weeknd	Latin	2019	98.0
Dua Lipa	Latin	2019	97.0
The Black Eyed Peas	Latin	2019	96.0
Post Malone	Latin	2019	94.0
Regard	Latin	2019	94.0
Don Toliver	Latin	2019	92.0
Travis Scott	Latin	2019	91.5
Billie Eilish	Latin	2019	91.0
Trevor Daniel	Latin	2018	97.0
Marshmello	Latin	2018	89.0
Halsey	Latin	2018	88.0
Ava Max	Latin	2018	87.0
Travis Scott	Latin	2018	87.0
Dominic Fike	Latin	2018	86.0
Panic! At The Disco	Latin	2018	86.0
Pedro Capó	Latin	2018	86.0
Doja Cat	Latin	2018	85.0
Kina	Latin	2018	85.0
NF	Latin	2017	83.0
Bebe Rexha	Latin	2017	81.0
Offset	Latin	2017	81.0
Dennis Lloyd	Latin	2017	79.0
Loud Luxury	Latin	2017	79.0
Zedd	Latin	2017	79.0
Ms Nina	Latin	2017	78.0
Enrique Iglesias	Latin	2017	74.0
Danny Ocean	Latin	2017	73.5
Brett Young	Latin	2017	73.0
DNCE	Latin	2016	80.0
Lukas Graham	Latin	2016	79.0
Ariana Grande	Latin	2016	77.0
Calvin Harris	Latin	2016	77.0
Clean Bandit	Latin	2016	77.0
Lil Wayne	Latin	2016	77.0
The Chainsmokers	Latin	2016	75.8
Anuel AA	Latin	2016	74.0
Justin Timberlake	Latin	2016	74.0
Jósean Log	Latin	2016	74.0
MAGIC!	Latin	2014	78.0
American Authors	Latin	2014	76.0
OneRepublic	Latin	2014	74.0
Ed Sheeran	Latin	2014	72.0
John Mayer	Latin	2014	72.0
Sam Hunt	Latin	2014	71.0
Lee Brice	Latin	2014	69.0
Romeo Santos	Latin	2014	69.0
Chayanne	Latin	2014	66.5
Taylor Swift	Latin	2014	66.5
Bruno Mars	Latin	2012	78.66666666666667
Flo Rida	Latin	2012	73.0
Katy Perry	Latin	2012	73.0
Calvin Harris	Latin	2012	72.0
fun.	Latin	2012	71.5
Florida Georgia Line	Latin	2012	70.0
Imagine Dragons	Latin	2012	70.0
The Lumineers	Latin	2012	70.0
Reik	Latin	2012	68.0
Romeo Santos	Latin	2012	68.0
Alan Walker	Latin	2015	77.0
Chris Stapleton	Latin	2015	77.0
X Ambassadors	Latin	2015	77.0
Demi Lovato	Latin	2015	74.0
Fall Out Boy	Latin	2015	73.66666666666667
Elle King	Latin	2015	73.0
The Chainsmokers	Latin	2015	73.0
The Weeknd	Latin	2015	72.5
Maroon 5	Latin	2015	71.66666666666667
Jesse & Joy	Latin	2015	71.0
Avicii	Latin	2013	84.0
Marc Anthony	Latin	2013	75.0
Eminem	Latin	2013	74.0
DJ Snake	Latin	2013	72.0
Bastille	Latin	2013	71.0
John Legend	Latin	2013	71.0
Prince Royce	Latin	2013	70.0
Ed Sheeran	Latin	2013	67.0
Icona Pop	Latin	2013	67.0
Jason Derulo	Latin	2013	67.0
Adele	Latin	2011	79.0
Christina Perri	Latin	2011	79.0
Selena Gomez & The Scene	Latin	2011	75.0
Ricardo Arjona	Latin	2011	74.0
Kelly Clarkson	Latin	2011	73.0
Luke Bryan	Latin	2011	72.0
Jesse & Joy	Latin	2011	70.0
Hunter Hayes	Latin	2011	69.0
Gym Class Heroes	Latin	2011	68.5
LMFAO	Latin	2011	67.0
Eminem	Latin	2010	82.0
Train	Latin	2010	82.0
Usher	Latin	2010	78.0
B.o.B	Latin	2010	75.0
Bruno Mars	Latin	2010	74.83333333333333
Camila	Latin	2010	71.0
Shakira	Latin	2010	71.0
Taio Cruz	Latin	2010	71.0
Jason Derulo	Latin	2010	70.0
Willie Colón	Latin	2010	69.0
Jason Mraz	Latin	2008	82.0
Rihanna	Latin	2008	76.0
Zac Brown Band	Latin	2008	75.0
John Mayer	Latin	2008	74.0
Beyoncé	Latin	2008	69.0
Lady Gaga	Latin	2008	68.0
Luis Fonsi	Latin	2008	68.0
Elvis Crespo	Latin	2008	67.0
Angel Y Khriz	Latin	2008	65.0
Puerto Rican Power	Latin	2008	64.0
Justin Bieber	Latin	2020	95.0
Future	Latin	2020	93.0
Selena Gomez	Latin	2020	88.0
Mac Miller	Latin	2020	87.0
Halsey	Latin	2020	86.0
Khalid	Latin	2020	83.0
J Balvin	Latin	2020	82.0
Nicky Jam	Latin	2020	82.0
Myke Towers	Latin	2020	79.0
Shakira	Latin	2020	79.0
Joe Arroyo	Latin	2007	68.0
Magneto	Latin	2007	67.0
Reik	Latin	2007	66.5
Monchy & Alexandra	Latin	2007	65.0
Sin Bandera	Latin	2007	65.0
Jack Johnson	Latin	2007	63.0
Alexis y Fido	Latin	2007	62.5
Cupid	Latin	2007	60.0
Lloyd	Latin	2007	60.0
"Tito ""El Bambino"""	Latin	2007	60.0
Ricky Martin	Latin	1998	68.0
Shakira	Latin	1998	67.33333333333333
Manu Chao	Latin	1998	66.0
Rafaga	Latin	1998	62.0
Proyecto Uno	Latin	1998	58.0
Gian Marco	Latin	1998	56.0
Elvis Crespo	Latin	1998	49.0
T-Dre	Latin	1998	47.5
Gloria Estefan	Latin	1998	45.0
Plastilina Mosh	Latin	1998	43.0
Oscar D'León	Latin	1996	64.0
Gloria Estefan	Latin	1996	45.0
Mr. President	Latin	1996	18.0
Lil' Johanna	Latin	1996	15.0
Angelique	Latin	1996	10.0
KISS	Latin	1996	0.0
Miguel Reyes	Latin	1996	0.0
Pain	Latin	1996	0.0
Pure Pleasure	Latin	1996	0.0
Samantha	Latin	1996	0.0
Destiny's Child	Latin	1999	76.0
Lou Bega	Latin	1999	76.0
Dr. Dre	Latin	1999	73.0
The Roots	Latin	1999	65.0
Miguel Bosé	Latin	1999	55.0
Makiza	Latin	1999	54.0
Maná	Latin	1999	53.0
El Chombo	Latin	1999	51.0
Cypress Hill	Latin	1999	40.333333333333336
The Psycho Realm	Latin	1999	20.0
Lady Gaga	Latin	2009	78.0
Owl City	Latin	2009	78.0
Carlos Baute	Latin	2009	74.0
Luis Enrique	Latin	2009	74.0
Iyaz	Latin	2009	73.0
Miley Cyrus	Latin	2009	73.0
OneRepublic	Latin	2009	73.0
Aventura	Latin	2009	71.0
Foo Fighters	Latin	2009	69.0
La Factoria	Latin	2009	69.0
Luis Miguel	Latin	1993	68.0
Alejandra Guzman	Latin	1993	61.0
Los Del Rio	Latin	1993	58.0
Gloria Estefan	Latin	1993	48.0
Cypress Hill	Latin	1993	45.0
N.V.	Latin	1993	36.0
Coolio	Latin	1995	80.0
Shakira	Latin	1995	63.0
Carlos Vives	Latin	1995	59.0
Thalía	Latin	1995	58.0
Rednex	Latin	1995	57.0
Gloria Estefan	Latin	1995	44.0
Fey	Latin	1995	43.0
ITA - CACHAO	Latin	1995	37.0
Spanish Fly	Latin	1995	30.0
Sf Spanish Fly	Latin	1995	26.0
Alejandra Guzman	Latin	1991	66.0
El General	Latin	1991	60.0
Stevie B	Latin	1991	43.0
Cypress Hill	Latin	1991	33.0
Gloria Estefan	Latin	1991	33.0
Lisette Melendez	Latin	1991	24.0
Lighter Shade Of Brown	Latin	1991	6.0
Latin Alliance	Latin	1991	4.0
Puerto Rican Power	Latin	2000	65.0
Polo Montañez	Latin	2000	61.0
Thalía	Latin	2000	54.0
Shakira	Latin	2000	53.0
Shannon	Latin	2000	48.5
Los Rabanes	Latin	2000	45.0
Gloria Estefan	Latin	2000	40.0
D'zyre	Latin	2000	18.0
Lisette Melendez	Latin	2000	0.0
Rafaga	Latin	2000	0.0
Gloria Estefan	Latin	1994	36.333333333333336
TPE featuring Adam Marano	Latin	1994	16.0
Da A Clan	Latin	1994	0.0
Giorgio Moroder	Latin	1994	0.0
N.V.	Latin	1994	0.0
Jon Secada	Latin	1992	62.0
Maná	Latin	1992	60.0
Chayanne	Latin	1992	50.0
Green Day	Latin	1997	75.0
Alejandro Sanz	Latin	1997	74.0
Maná	Latin	1997	72.0
Grupo Cañaveral De Humberto Pabón	Latin	1997	69.0
George Strait	Latin	1997	62.0
Control Machete	Latin	1997	60.0
Proyecto Uno	Latin	1997	57.0
Ilegales	Latin	1997	54.0
Fulanito	Latin	1997	53.0
Trinere	Latin	1997	31.5
Bacilos	Latin	2001	68.0
Jorge Drexler	Latin	2001	65.0
La Ley	Latin	2001	65.0
Nicky Jam	Latin	2001	65.0
Laura Pausini	Latin	2001	62.5
Los Del Rio	Latin	2001	62.0
El Gran Combo De Puerto Rico	Latin	2001	59.0
Carlos Vives	Latin	2001	57.0
Dyablo	Latin	2001	48.0
Guaraná	Latin	2001	45.0
Rascal Flatts	Latin	2006	72.0
Big Boy	Latin	2006	71.0
Maná	Latin	2006	69.0
De La Ghetto	Latin	2006	66.0
Marc Anthony	Latin	2006	66.0
La Quinta Estacion	Latin	2006	62.0
Monchy & Alexandra	Latin	2006	62.0
Frank Reyes	Latin	2006	61.0
Jesse & Joy	Latin	2006	61.0
"Héctor ""El Father"""	Latin	2006	60.666666666666664
Aventura	Latin	2002	73.0
Juanes	Latin	2002	69.5
Bacilos	Latin	2002	69.0
Cristian Castro	Latin	2002	65.0
Natalia Lafourcade	Latin	2002	63.0
Elefante	Latin	2002	60.0
Sean Paul	Latin	2002	52.666666666666664
Lighter Shade Of Brown	Latin	2002	50.0
Hector & Tito	Latin	2002	49.0
Chayanne	Latin	2002	48.0
OutKast	Latin	2003	78.0
Beyoncé	Latin	2003	75.0
Howie Day	Latin	2003	69.0
Julieta Venegas	Latin	2003	67.5
Tego Calderon	Latin	2003	63.6
Wisin & Yandel	Latin	2003	58.0
Celia Cruz	Latin	2003	57.0
Daddy Yankee	Latin	2003	57.0
50 Cent	Latin	2003	56.0
Luny Tunes	Latin	2003	55.4
Shakira	Latin	2005	80.0
Calle 13	Latin	2005	73.0
Jack Johnson	Latin	2005	73.0
Aventura	Latin	2005	71.33333333333333
Mach & Daddy	Latin	2005	67.0
Carlos Baute	Latin	2005	60.0
Kinto Sol	Latin	2005	60.0
Akwid	Latin	2005	58.0
Eddie Dee	Latin	2005	55.666666666666664
Daniel Powter	Latin	2005	55.0
Juan Gabriel	Latin	1990	72.0
Maná	Latin	1990	68.0
Jerry Rivera	Latin	1990	65.0
Guayacán Orquesta	Latin	1990	59.5
Chayanne	Latin	1990	56.0
Alejandra Guzman	Latin	1990	48.0
Marcia Griffiths	Latin	1990	42.0
Gloria Estefan	Latin	1990	41.4
Kid Frost	Latin	1990	35.5
Timmy T	Latin	1990	15.0
Kelly Clarkson	Latin	2004	68.0
Kevin Lyttle	Latin	2004	65.0
Marc Anthony	Latin	2004	64.5
Zion & Lennox	Latin	2004	62.666666666666664
Bebe	Latin	2004	59.0
Alejandro Sanz	Latin	2004	58.0
Nek	Latin	2004	58.0
DJ Nelson	Latin	2004	56.0
Wisin	Latin	2004	56.0
Baby Rasta & Gringo	Latin	2004	54.0
Luis Miguel	Latin	1988	69.66666666666667
Taylor Dayne	Latin	1988	65.0
When In Rome	Latin	1988	63.0
Rob Base & DJ EZ Rock	Latin	1988	54.0
Pretty Poison	Latin	1988	46.0
Noel	Latin	1988	43.0
Will To Power	Latin	1988	39.5
Sweet Sensation	Latin	1988	32.0
Camouflage	Latin	1988	27.0
Bardeux	Latin	1988	15.0
Gloria Estefan	Latin	1984	36.5
Michael Jackson	Latin	1982	71.0
George Strait	Latin	1982	66.0
El Gran Combo De Puerto Rico	Latin	1982	55.0
The Flirts	Latin	1982	48.0
Sister Sledge	Latin	1979	71.0
El Gran Combo De Puerto Rico	Latin	1979	55.0
The Sugarhill Gang	Latin	1981	42.0
ABBA	Latin	1976	72.0
Luis Miguel	Latin	1987	77.0
Nice & Wild	Latin	1987	45.0
Exposé	Latin	1987	40.333333333333336
Gloria Estefan	Latin	1987	24.0
Neil Diamond	Latin	1987	20.0
TKA	Latin	1987	0.0
Stacey Q	Latin	1986	54.0
Nu Shooz	Latin	1986	38.0
Nancy Martinez	Latin	1986	30.0
People Like Us	Latin	1986	26.0
Bon Jovi	Latin	1986	24.0
Man Parrish	Latin	1983	33.0
Jenny Burton	Latin	1983	19.0
Gloria Estefan	Latin	1985	39.666666666666664
Lisa Lisa & Cult Jam	Latin	1985	31.666666666666668
The B-52's	Latin	1989	69.0
Ricardo Arjona	Latin	1989	68.0
Gloria Estefan	Latin	1989	43.6
Mellow Man Ace	Latin	1989	42.0
STOP	Latin	1989	41.0
Seduction	Latin	1989	30.0
Dino	Latin	1989	28.0
The Temptations	Latin	1965	26.0
KAROL G	R&B	2019	98.0
Maroon 5	R&B	2019	98.0
The Black Eyed Peas	R&B	2019	96.0
The Weeknd	R&B	2019	95.5
Regard	R&B	2019	94.0
blackbear	R&B	2019	94.0
Anuel AA	R&B	2019	93.0
Don Toliver	R&B	2019	92.0
Juice WRLD	R&B	2019	92.0
Rauw Alejandro	R&B	2019	92.0
Trevor Daniel	R&B	2018	97.0
Halsey	R&B	2018	88.0
Lady Gaga	R&B	2018	88.0
Ava Max	R&B	2018	87.0
XXXTENTACION	R&B	2018	86.5
Dominic Fike	R&B	2018	86.0
Marshmello	R&B	2018	86.0
Kina	R&B	2018	85.5
Calvin Harris	R&B	2018	85.0
Meek Mill	R&B	2018	85.0
XXXTENTACION	R&B	2017	86.0
Lauv	R&B	2017	83.0
ZAYN	R&B	2017	81.0
21 Savage	R&B	2017	80.0
Harry Styles	R&B	2017	80.0
Kendrick Lamar	R&B	2017	80.0
Rex Orange County	R&B	2017	79.66666666666667
Ed Sheeran	R&B	2017	79.33333333333333
Zedd	R&B	2017	79.0
Hailee Steinfeld	R&B	2017	78.5
The Chainsmokers	R&B	2016	85.0
Post Malone	R&B	2016	84.0
Lizzo	R&B	2016	83.0
Bruno Mars	R&B	2016	82.0
EDEN	R&B	2016	76.0
James Arthur	R&B	2016	73.66666666666667
Kanye West	R&B	2016	73.5
The 1975	R&B	2016	73.0
Sleeping At Last	R&B	2016	72.0
The Weeknd	R&B	2016	72.0
Labrinth	R&B	2014	79.0
A Great Big World	R&B	2014	78.0
Birdy	R&B	2014	75.0
G-Eazy	R&B	2014	74.0
J. Cole	R&B	2014	71.5
Beyoncé	R&B	2014	71.0
Omarion	R&B	2014	70.0
Taylor Swift	R&B	2014	68.0
ODESZA	R&B	2014	67.0
Tinashe	R&B	2014	67.0
Tame Impala	R&B	2012	75.0
Michael Schulte	R&B	2012	71.0
Labrinth	R&B	2012	69.0
Emeli Sandé	R&B	2012	68.0
Frank Ocean	R&B	2012	65.18181818181819
The Civil Wars	R&B	2012	64.0
John Legend	R&B	2012	63.0
Mac DeMarco	R&B	2012	63.0
Rihanna	R&B	2012	62.0
The Weeknd	R&B	2012	60.1
WILLOW	R&B	2015	78.0
Bryson Tiller	R&B	2015	77.0
Justin Bieber	R&B	2015	77.0
Mac Miller	R&B	2015	77.0
Petit Biscuit	R&B	2015	77.0
Ruth B.	R&B	2015	76.0
Tame Impala	R&B	2015	75.0
Demi Lovato	R&B	2015	74.0
Fall Out Boy	R&B	2015	73.0
Mike Stud	R&B	2015	73.0
John Legend	R&B	2013	85.0
Lorde	R&B	2013	78.0
Robin Thicke	R&B	2013	76.0
Lana Del Rey	R&B	2013	73.0
Unknown Mortal Orchestra	R&B	2013	68.0
Earl Sweatshirt	R&B	2013	67.0
Sevyn Streeter	R&B	2013	66.0
Blood Orange	R&B	2013	63.0
Vampire Weekend	R&B	2013	62.0
CHVRCHES	R&B	2013	61.0
M83	R&B	2011	71.0
Bon Iver	R&B	2011	70.0
Frank Ocean	R&B	2011	68.0
Drake	R&B	2011	66.25
Tyler, The Creator	R&B	2011	64.0
Lykke Li	R&B	2011	62.0
Adele	R&B	2011	61.0
Hugo	R&B	2011	61.0
Amy Winehouse	R&B	2011	60.0
Kelly Rowland	R&B	2011	60.0
Bruno Mars	R&B	2010	80.0
Kanye West	R&B	2010	75.0
Ludacris	R&B	2010	65.0
Arcade Fire	R&B	2010	63.0
Robyn	R&B	2010	61.0
Nicolas Jaar	R&B	2010	59.0
Rihanna	R&B	2010	59.0
Ariel Pink	R&B	2010	57.0
Deerhunter	R&B	2010	56.0
Sleigh Bells	R&B	2010	56.0
T.I.	R&B	2008	74.0
Lil Wayne	R&B	2008	73.0
Beyoncé	R&B	2008	72.5
James Morrison	R&B	2008	70.0
Ice Cube	R&B	2008	60.0
Atmosphere	R&B	2008	56.0
DAY26	R&B	2008	54.0
Town Mountain	R&B	2008	52.0
Maxi Priest	R&B	2008	48.0
Luther Ingram	R&B	2008	47.0
Justin Bieber	R&B	2020	95.0
Future	R&B	2020	93.0
Mac Miller	R&B	2020	87.0
Khalid	R&B	2020	83.0
J Balvin	R&B	2020	82.0
Nicky Jam	R&B	2020	82.0
Selena Gomez	R&B	2020	81.0
Lil Tjay	R&B	2020	79.0
Shakira	R&B	2020	79.0
Halsey	R&B	2020	78.0
Colbie Caillat	R&B	2007	71.0
Mario	R&B	2007	69.0
J. Holiday	R&B	2007	67.0
Amy Winehouse	R&B	2007	65.0
Trey Songz	R&B	2007	62.0
R. Kelly	R&B	2007	60.0
Alicia Keys	R&B	2007	57.0
Marvin Sapp	R&B	2007	55.0
T-Pain	R&B	2007	54.0
Flying Lotus	R&B	2007	51.0
Whitney Houston	R&B	1998	67.0
Faith Evans	R&B	1998	63.0
Brandy	R&B	1998	61.6
OutKast	R&B	1998	60.0
Tyrese	R&B	1998	55.333333333333336
TQ	R&B	1998	53.0
Xscape	R&B	1998	51.0
112	R&B	1998	46.0
Monifah	R&B	1998	46.0
Club Nouveau	R&B	1998	45.0
Fugees	R&B	1996	74.0
Mark Morrison	R&B	1996	72.0
2Pac	R&B	1996	62.0
Total	R&B	1996	61.0
112	R&B	1996	60.0
Neneh Cherry	R&B	1996	58.0
Blackstreet	R&B	1996	57.0
Chaka Khan	R&B	1996	55.0
The Tony Rich Project	R&B	1996	53.0
Mint Condition	R&B	1996	51.0
TLC	R&B	1999	79.0
Destiny's Child	R&B	1999	72.25
Brian McKnight	R&B	1999	71.0
Macy Gray	R&B	1999	71.0
Santana	R&B	1999	66.0
Aaliyah	R&B	1999	59.0
Q-Tip	R&B	1999	59.0
Donell Jones	R&B	1999	57.333333333333336
Case	R&B	1999	57.0
Mos Def	R&B	1999	55.0
Mariah Carey	R&B	2009	67.0
Keri Hilson	R&B	2009	65.0
Bahamas	R&B	2009	63.0
Norah Jones	R&B	2009	59.0
The Jackson 5	R&B	2009	57.0
Noisettes	R&B	2009	56.0
Mumford & Sons	R&B	2009	54.0
Mayer Hawthorne	R&B	2009	51.0
Lee Fields & The Expressions	R&B	2009	50.0
Maxwell	R&B	2009	49.0
Snoop Dogg	R&B	1993	71.0
Tina Turner	R&B	1993	66.0
Wu-Tang Clan	R&B	1993	66.0
Brownstone	R&B	1993	62.0
Mariah Carey	R&B	1993	57.0
Minnie Riperton	R&B	1993	57.0
Janet Jackson	R&B	1993	53.75
Mint Condition	R&B	1993	53.0
Xscape	R&B	1993	51.0
Boyz II Men	R&B	1993	50.5
Mariah Carey	R&B	1995	70.66666666666667
Stephanie Mills	R&B	1995	62.0
Smif-N-Wessun	R&B	1995	58.0
Adina Howard	R&B	1995	56.0
Soul For Real	R&B	1995	55.5
Xscape	R&B	1995	55.0
Groove Theory	R&B	1995	54.0
Brandy	R&B	1995	51.0
Michael Jackson	R&B	1995	51.0
Monica	R&B	1995	46.5
Shanice	R&B	1991	59.0
Marky Mark And The Funky Bunch	R&B	1991	57.0
Mint Condition	R&B	1991	57.0
Christopher Williams	R&B	1991	55.0
James Brown	R&B	1991	53.333333333333336
Mariah Carey	R&B	1991	48.0
Keith Washington	R&B	1991	45.0
New Edition	R&B	1991	44.0
Guy	R&B	1991	35.0
Troop	R&B	1991	34.0
OutKast	R&B	2000	77.0
Toni Braxton	R&B	2000	65.0
Joe	R&B	2000	61.0
Beenie Man	R&B	2000	53.0
Mýa	R&B	2000	53.0
Aaron Neville	R&B	2000	52.0
Celia Cruz	R&B	2000	51.0
Snoop Dogg	R&B	2000	51.0
Carl Thomas	R&B	2000	50.57142857142857
Bow Wow	R&B	2000	47.0
Mariah Carey	R&B	1994	90.0
Sade	R&B	1994	66.0
Boyz II Men	R&B	1994	63.0
TLC	R&B	1994	62.4
Nas	R&B	1994	60.0
King Floyd	R&B	1994	59.0
Common	R&B	1994	56.0
Da Brat	R&B	1994	54.0
Warren G	R&B	1994	51.0
Brandy	R&B	1994	44.666666666666664
Ice Cube	R&B	1992	74.0
Kris Kross	R&B	1992	66.0
Pete Rock & C.L. Smooth	R&B	1992	60.0
En Vogue	R&B	1992	53.666666666666664
Jade	R&B	1992	50.0
Charles Brown	R&B	1992	46.0
SWV	R&B	1992	45.75
Silk	R&B	1992	42.5
Shai	R&B	1992	39.25
Babyface	R&B	1992	39.0
The Notorious B.I.G.	R&B	1997	72.0
K-Ci & JoJo	R&B	1997	70.0
Will Smith	R&B	1997	70.0
Buena Vista Social Club	R&B	1997	67.0
Usher	R&B	1997	64.33333333333333
Wu-Tang Clan	R&B	1997	63.0
Common	R&B	1997	60.0
En Vogue	R&B	1997	60.0
Jon B.	R&B	1997	60.0
Janet Jackson	R&B	1997	59.0
Fat Joe	R&B	2001	72.0
Mary J. Blige	R&B	2001	70.0
Missy Elliott	R&B	2001	70.0
Jagged Edge	R&B	2001	67.0
Eve	R&B	2001	66.5
Craig David	R&B	2001	62.5
Blu Cantrell	R&B	2001	60.0
Celia Cruz	R&B	2001	55.0
Tevin Campbell	R&B	2001	53.0
Usher	R&B	2001	52.666666666666664
John Mayer	R&B	2006	74.0
Cassie	R&B	2006	72.0
Akon	R&B	2006	70.0
Fantasia	R&B	2006	68.0
Bow Wow	R&B	2006	63.0
Omarion	R&B	2006	63.0
Corinne Bailey Rae	R&B	2006	62.0
Cat Power	R&B	2006	60.0
Damien Rice	R&B	2006	60.0
Estrella Morente	R&B	2006	51.0
Missy Elliott	R&B	2002	70.0
Ashanti	R&B	2002	66.0
Nivea	R&B	2002	64.0
Mario	R&B	2002	62.0
Busta Rhymes	R&B	2002	61.0
Cam’ron	R&B	2002	61.0
Tweet	R&B	2002	60.0
Tyrese	R&B	2002	60.0
Sean Paul	R&B	2002	59.5
Brandy	R&B	2002	57.0
50 Cent	R&B	2003	71.33333333333333
Alicia Keys	R&B	2003	69.5
John Mayer	R&B	2003	68.0
Monica	R&B	2003	67.0
Beyoncé	R&B	2003	66.0
Damien Rice	R&B	2003	63.5
Chingy	R&B	2003	62.666666666666664
Fabolous	R&B	2003	62.0
Juvenile	R&B	2003	62.0
Ginuwine	R&B	2003	61.0
Michael Bublé	R&B	2005	70.0
Keyshia Cole	R&B	2005	68.0
Bobby V.	R&B	2005	67.0
T-Pain	R&B	2005	67.0
Pretty Ricky	R&B	2005	66.0
The Pussycat Dolls	R&B	2005	66.0
Diddy	R&B	2005	64.0
Amerie	R&B	2005	59.0
112	R&B	2005	57.0
Amos Lee	R&B	2005	53.0
Donny Hathaway	R&B	1990	75.0
MC Hammer	R&B	1990	71.0
New Kids On The Block	R&B	1990	61.0
En Vogue	R&B	1990	58.0
Tony! Toni! Toné!	R&B	1990	58.0
Rob Base & DJ EZ Rock	R&B	1990	56.0
Black Box	R&B	1990	52.0
Whitney Houston	R&B	1990	49.5
Tony Terry	R&B	1990	49.0
Tracie Spencer	R&B	1990	47.0
Mario	R&B	2004	72.66666666666667
Ciara	R&B	2004	71.0
Gwen Stefani	R&B	2004	69.0
Diddy	R&B	2004	68.33333333333333
B2K	R&B	2004	65.0
Ray LaMontagne	R&B	2004	65.0
Destiny's Child	R&B	2004	62.0
MF DOOM	R&B	2004	60.0
Wu-Tang Clan	R&B	2004	60.0
Nelly	R&B	2004	59.0
Sade	R&B	1988	56.0
New Kids On The Block	R&B	1988	54.0
Surface	R&B	1988	50.0
Paula Abdul	R&B	1988	48.0
Karyn White	R&B	1988	45.0
New Edition	R&B	1988	43.2
Al B. Sure!	R&B	1988	41.8
Guy	R&B	1988	37.0
Kid 'N Play	R&B	1988	36.5
The Boys	R&B	1988	35.0
Sade	R&B	1984	61.0
Prince	R&B	1984	60.0
Minutemen	R&B	1984	53.0
Kiyotaka Sugiyama	R&B	1984	40.0
John Hartford	R&B	1984	29.0
オメガトライブ	R&B	1984	29.0
Prince	R&B	1982	58.5
Jeffrey Osborne	R&B	1982	57.0
The Gap Band	R&B	1982	56.0
George Clinton	R&B	1982	51.0
Kool & The Gang	R&B	1973	58.5
Tower Of Power	R&B	1973	52.0
Earth, Wind & Fire	R&B	1973	46.0
Stevie Wonder	R&B	1973	4.0
Electric Light Orchestra	R&B	1979	70.0
Johnny Kemp	R&B	1979	48.0
Kimiko Kasai	R&B	1979	28.5
The Whispers	R&B	1979	25.0
Commodores	R&B	1977	64.0
Iggy Pop	R&B	1977	37.0
Parliament	R&B	1977	12.0
Rush	R&B	1981	73.0
Rick James	R&B	1981	64.0
Akira Terao	R&B	1981	32.0
Dolly Parton	R&B	1974	74.0
Johnny Pacheco	R&B	1974	60.0
"Bobby ""Blue"" Bland"	R&B	1974	58.0
The Meters	R&B	1974	56.0
Average White Band	R&B	1974	53.0
Ann Peebles	R&B	1974	41.0
Funkadelic	R&B	1974	38.0
Billy Preston	R&B	1974	2.0
Ohio Players	R&B	1974	1.0
Rufus & Chaka Khan	R&B	1974	0.0
Joni Mitchell	R&B	1970	69.0
Van Morrison	R&B	1970	69.0
The Velvet Underground	R&B	1970	61.0
Charles Wright & The Watts 103rd Street Rhythm Band	R&B	1970	59.0
The Delfonics	R&B	1970	59.0
Sly & The Family Stone	R&B	1970	54.0
Buddy Miles	R&B	1970	0.0
Boston	R&B	1976	78.0
Tom Petty and the Heartbreakers	R&B	1976	73.0
Wild Cherry	R&B	1976	67.0
Boney M.	R&B	1976	64.0
Dorothy Moore	R&B	1976	51.0
Rose Royce	R&B	1976	50.0
The Brothers Johnson	R&B	1976	49.0
The Spinners	R&B	1976	47.0
Captain & Tennille	R&B	1976	0.0
Whitney Houston	R&B	1987	62.0
Atlantic Starr	R&B	1987	59.0
Alexander O'Neal	R&B	1987	53.0
The Whispers	R&B	1987	53.0
Prince	R&B	1987	50.333333333333336
The Deele	R&B	1987	49.0
The Five Satins	R&B	1987	48.0
Michael Jackson	R&B	1987	46.5
Keith Sweat	R&B	1987	42.5
Pebbles	R&B	1987	40.0
Frankie Valli	R&B	1978	63.0
Village People	R&B	1978	61.0
The Jacksons	R&B	1978	59.5
Peaches & Herb	R&B	1978	10.0
Dusty Springfield	R&B	1969	71.0
Marlena Shaw	R&B	1969	62.0
The Isley Brothers	R&B	1969	59.0
The Meters	R&B	1969	57.0
Chuck Berry	R&B	1986	79.0
Anita Baker	R&B	1986	61.0
Patti LaBelle	R&B	1986	51.0
Shirley Murdock	R&B	1986	45.0
El DeBarge	R&B	1986	42.0
Miki Howard	R&B	1986	40.0
Howard Hewett	R&B	1986	39.0
1986 Omega Tribe	R&B	1986	37.0
Janet Jackson	R&B	1986	26.0
Jeff Lorber	R&B	1986	22.0
Daryl Hall & John Oates	R&B	1980	77.0
Diana Ross	R&B	1980	65.5
The S.O.S Band	R&B	1980	58.0
The High School of Music & Art	R&B	1980	0.0
David Bowie	R&B	1983	65.0
オメガトライブ	R&B	1983	38.5
Tomoko Aran	R&B	1983	32.5
DeBarge	R&B	1985	64.0
Whitney Houston	R&B	1985	60.666666666666664
Freddie Jackson	R&B	1985	53.0
Force M.D.'s	R&B	1985	52.0
Ready For The World	R&B	1985	51.0
オメガトライブ	R&B	1985	38.333333333333336
Sade	R&B	1985	36.0
Masayoshi Takanaka	R&B	1985	24.0
Soul II Soul	R&B	1989	59.0
Michel'le	R&B	1989	50.0
Jane Child	R&B	1989	49.0
After 7	R&B	1989	45.5
Full Force	R&B	1989	40.0
Janet Jackson	R&B	1989	39.916666666666664
Babyface	R&B	1989	39.5
Bobby Brown	R&B	1989	39.0
Troop	R&B	1989	35.5
Big Daddy Kane	R&B	1989	33.0
Frankie Valli & The Four Seasons	R&B	1975	70.0
Earth, Wind & Fire	R&B	1975	61.0
Parliament	R&B	1975	61.0
Elvin Bishop	R&B	1975	60.0
War	R&B	1975	59.0
Labi Siffre	R&B	1975	53.0
Janis Ian	R&B	1975	5.0
Ohio Players	R&B	1975	4.0
The Foundations	R&B	1968	72.0
Clarence Carter	R&B	1968	48.0
Bill Withers	R&B	1971	76.0
Baby Huey & The Baby Sitters	R&B	1971	50.0
Harry Nilsson	R&B	1971	13.0
The Rolling Stones	R&B	1972	60.0
Betty Wright	R&B	1972	58.0
Curtis Mayfield	R&B	1972	54.5
T. Rex	R&B	1972	36.0
Jackie Wilson	R&B	1967	67.0
Frankie Valli	R&B	1967	65.0
Stevie Wonder	R&B	1967	59.0
Aretha Franklin	R&B	1967	54.0
Della Humphrey	R&B	1967	24.0
Percy Sledge	R&B	1966	66.0
Wilson Pickett	R&B	1966	61.0
The Supremes	R&B	1966	13.0
Bob Dylan	R&B	1965	71.0
Beny Moré	R&B	1965	40.0
The Impressions	R&B	1965	11.0
Aretha Franklin	R&B	1964	45.0
Darlene Love	R&B	1963	73.0
Booker T. & the M.G.'s	R&B	1962	64.0
Ray Charles	R&B	1957	59.0
Chavela Vargas	R&B	1961	47.0
Etta James	R&B	1960	20.0
Sam Cooke	R&B	1960	13.0
Ella Fitzgerald	R&B	1960	11.0
KAROL G	Edm	2019	98.0
Billie Eilish	Edm	2019	96.0
The Weeknd	Edm	2019	95.5
blackbear	Edm	2019	94.0
Anuel AA	Edm	2019	93.0
Bad Bunny	Edm	2019	93.0
DaBaby	Edm	2019	93.0
Selena Gomez	Edm	2019	93.0
Don Toliver	Edm	2019	92.0
Juice WRLD	Edm	2019	92.0
Trevor Daniel	Edm	2018	97.0
Juice WRLD	Edm	2018	92.0
Drake	Edm	2018	86.0
Pedro Capó	Edm	2018	86.0
Anne-Marie	Edm	2018	83.0
Dayvi	Edm	2018	83.0
Zedd	Edm	2018	82.0
Mark Ronson	Edm	2018	79.0
benny blanco	Edm	2018	79.0
Alan Walker	Edm	2018	78.0
Lauv	Edm	2017	83.0
Shawn Mendes	Edm	2017	82.5
Selena Gomez	Edm	2017	77.5
Hailee Steinfeld	Edm	2017	76.0
Justin Bieber	Edm	2017	76.0
Little Mix	Edm	2017	72.0
Meghan Trainor	Edm	2017	72.0
Axwell /\ Ingrosso	Edm	2017	71.0
Calvin Harris	Edm	2017	70.0
Lady Gaga	Edm	2017	70.0
Twenty One Pilots	Edm	2016	81.0
Lukas Graham	Edm	2016	79.0
Kungs	Edm	2016	78.0
Clean Bandit	Edm	2016	77.0
Bruno Mars	Edm	2016	76.0
Drake	Edm	2016	76.0
Coldplay	Edm	2016	71.0
DNCE	Edm	2016	70.0
Fifth Harmony	Edm	2016	70.0
James Arthur	Edm	2016	69.5
Aaron Smith	Edm	2014	84.0
Ed Sheeran	Edm	2014	83.5
Alex & Sierra	Edm	2014	79.0
George Ezra	Edm	2014	76.0
Hozier	Edm	2014	76.0
Sia	Edm	2014	75.5
Ariana Grande	Edm	2014	74.0
Taylor Swift	Edm	2014	69.33333333333333
Nicky Jam	Edm	2014	68.0
Tove Lo	Edm	2014	67.0
Imagine Dragons	Edm	2012	78.0
Carly Rae Jepsen	Edm	2012	76.0
Pitbull	Edm	2012	76.0
Macklemore & Ryan Lewis	Edm	2012	75.5
Alicia Keys	Edm	2012	75.0
fun.	Edm	2012	75.0
Nicki Minaj	Edm	2012	73.0
Justin Bieber	Edm	2012	72.0
Swedish House Mafia	Edm	2012	70.83333333333333
Flo Rida	Edm	2012	69.66666666666667
Twenty One Pilots	Edm	2015	82.0
Justin Bieber	Edm	2015	80.66666666666667
Little Mix	Edm	2015	77.0
Joel Adams	Edm	2015	76.0
OMI	Edm	2015	76.0
Fifth Harmony	Edm	2015	74.0
Adele	Edm	2015	71.0
Charlie Puth	Edm	2015	70.0
Meghan Trainor	Edm	2015	69.0
Alessia Cara	Edm	2015	68.5
John Legend	Edm	2013	85.0
Justin Timberlake	Edm	2013	77.0
Miley Cyrus	Edm	2013	76.0
Katy Perry	Edm	2013	75.33333333333333
Kanye West	Edm	2013	75.0
DJ Snake	Edm	2013	72.0
Selena Gomez	Edm	2013	69.0
Fall Out Boy	Edm	2013	68.0
Jason Derulo	Edm	2013	67.0
Little Mix	Edm	2013	67.0
Gotye	Edm	2011	77.0
Eiffel 65	Edm	2011	73.0
Kelly Clarkson	Edm	2011	73.0
Lykke Li	Edm	2011	72.0
Pitbull	Edm	2011	71.5
Swedish House Mafia	Edm	2011	67.0
Demi Lovato	Edm	2011	66.0
Meek Mill	Edm	2011	65.0
Florence + The Machine	Edm	2011	64.0
Flo Rida	Edm	2011	59.0
Eminem	Edm	2010	82.0
Bruno Mars	Edm	2010	75.0
Taio Cruz	Edm	2010	74.0
Lady Antebellum	Edm	2010	73.0
Rihanna	Edm	2010	72.0
Usher	Edm	2010	72.0
B.o.B	Edm	2010	68.0
CeeLo Green	Edm	2010	64.0
DJ Khaled	Edm	2010	62.0
Swedish House Mafia	Edm	2010	53.5
Eric Prydz	Edm	2008	65.0
Rihanna	Edm	2008	61.5
Caravan Palace	Edm	2008	51.0
Mark Knight	Edm	2008	51.0
Chicane	Edm	2008	44.0
Lady Gaga	Edm	2008	42.0
Remady	Edm	2008	41.0
Katy Perry	Edm	2008	37.0
Big Ali	Edm	2008	31.0
David Guetta	Edm	2008	24.0
Justin Bieber	Edm	2020	95.0
Future	Edm	2020	93.0
Mac Miller	Edm	2020	87.0
Selena Gomez	Edm	2020	84.0
Khalid	Edm	2020	83.0
Shakira	Edm	2020	79.0
Halsey	Edm	2020	78.0
Robin Schulz	Edm	2020	74.0
Alicia Keys	Edm	2020	73.0
Sam Feldt	Edm	2020	70.0
Alicia Keys	Edm	2007	79.0
Leona Lewis	Edm	2007	73.5
Godsmack	Edm	2007	52.0
Kormac	Edm	2007	39.0
David Guetta	Edm	2007	22.25
Heiko & Maiko	Edm	2007	21.0
Erick Decks	Edm	2007	18.0
Avril Lavigne	Edm	2007	11.0
Klaas	Edm	2007	8.0
The Shapeshifters	Edm	2007	6.0
Soulsearcher	Edm	1998	52.0
LL Cool J	Edm	1996	42.0
Darude	Edm	1999	57.0
Mr. Scruff	Edm	1999	47.5
Paloma Faith	Edm	2009	58.0
Gramatik	Edm	2009	55.0
Medina	Edm	2009	47.0
[dunkelbunt]	Edm	2009	47.0
Nekta	Edm	2009	44.0
Benny Berigan	Edm	2009	41.0
The Black Eyed Peas	Edm	2009	41.0
Lady Gaga	Edm	2009	38.333333333333336
Mark Knight	Edm	2009	35.0
Timeless Legend	Edm	2009	32.0
Skip Mahoney	Edm	1993	31.0
general base	Edm	1995	33.0
Cuba Trinidad	Edm	1991	15.0
*NSYNC	Edm	2000	71.0
Cypress Hill	Edm	2000	60.0
Moodymann	Edm	2000	48.0
Barcode Brothers	Edm	2000	46.0
Gino Soccio	Edm	1994	33.0
Daft Punk	Edm	2001	74.0
Groove Armada	Edm	2001	61.0
The Ones	Edm	2001	0.0
Ne-Yo	Edm	2006	77.0
Fish Go Deep	Edm	2006	49.0
Akcent	Edm	2006	40.0
The Egg	Edm	2006	39.0
Chris Lake	Edm	2006	33.0
The Shapeshifters	Edm	2006	29.0
X Dream	Edm	2006	12.0
Mylo	Edm	2006	7.0
Klaas	Edm	2006	5.0
Bill Conti	Edm	2006	4.0
Eminem	Edm	2002	83.0
Gabin	Edm	2002	48.0
Oscar G & Ralph Falcon	Edm	2002	34.0
DJs@Work	Edm	2002	25.0
Linkin Park	Edm	2003	69.0
Daft Punk	Edm	2003	52.0
Eric Prydz	Edm	2003	31.0
David Guetta	Edm	2003	0.0
Salif Keita	Edm	2003	0.0
DR. KUCHO!	Edm	2005	57.0
Fort Minor	Edm	2005	51.0
The Pussycat Dolls	Edm	2005	38.0
Axwell	Edm	2005	37.5
Aston Martinez	Edm	2005	5.0
TEC	Edm	2005	1.0
Velvet	Edm	2005	0.0
Time Bandits	Edm	1990	35.0
Trick Daddy	Edm	2004	65.0
The Underdog Project	Edm	2004	52.0
David Guetta	Edm	2004	24.0
Gwen McCrae	Edm	1982	56.0
Imagination	Edm	1982	31.0
Gino Soccio	Edm	1979	50.0
Donna Summer	Edm	1979	5.0
Sylvester	Edm	1977	0.0
Luther Vandross	Edm	1981	69.0
Goody Goody	Edm	1978	41.0
Chain Reaction	Edm	1980	29.0
Aretha Franklin	Edm	1983	2.0
